col1,col2
77.851524,2.3853905
76.31535,-1.8281406
75.58379,-1.8572526
76.5088,0.50578123
58.744114,-17.39368
75.65822,-2.040224
66.99138,-7.6768694
76.89993,1.2651516
75.720345,-1.4735749
76.59814,-1.083675
59.18955,-16.817686
68.16781,-5.4896317
75.631096,-0.07425203
58.54638,-18.03153
73.8377,-3.5112383
59.14427,-16.41028
77.29078,1.9133925
76.723854,-2.2265394
67.0514,-7.3732815
75.76893,-1.4683412
73.75583,-3.2060802
58.418205,-16.604294
75.679146,-1.4431294
56.679688,-13.885213
63.888504,-11.8909
77.456795,2.159793
76.91989,0.40900618
58.09557,-16.63434
75.50194,6.2449193
75.94877,0.91829747
71.137764,-2.2103765
76.13836,1.1628425
73.250496,-0.18135503
61.26089,-9.856668
68.65969,-3.7206318
70.66208,-0.8989674
75.113106,-0.57694924
60.551414,-11.405778
70.97454,-3.2978675
58.993397,-11.54686
60.404945,-12.557799
57.017284,-17.851908
73.257225,-0.14163023
58.697765,-13.324066
76.57092,1.9827824
66.50931,-6.2215586
74.519775,-3.1001654
64.50658,-7.1495175
56.939133,-17.969267
58.856224,-3.9099035
57.65453,-11.635046
63.918213,-7.2584834
74.02037,-0.24287854
69.22802,-2.210746
54.93157,-13.858508
67.967705,-5.404083
58.574924,-12.805267
66.237915,-5.808982
52.581516,-14.719312
71.50377,-2.3535979
55.30447,-14.308147
56.46859,-17.305674
57.344513,-13.789895
70.059906,-2.3444924
70.38976,-4.964227
75.87452,3.9035318
73.103546,-2.153468
55.09874,-14.009716
69.38877,6.9891615
54.6588,-20.307167
51.398216,-21.713882
56.434868,-11.493399
73.40074,-3.0125062
51.09001,-22.29919
64.34513,-6.8929534
54.911842,-19.07913
56.94583,-14.67337
73.186325,-1.6749041
72.40733,-0.31895688
73.3231,-3.5879583
59.178894,-11.575951
68.69611,-3.7879226
72.87585,6.560288
-43.830597,-22.489204
51.598488,-20.916424
72.31805,-2.7180743
66.399315,-1.2919195
56.702927,-16.768982
72.64215,6.5147495
64.959,-6.1468687
54.690113,-14.081804
57.533978,-12.955769
65.31182,-5.903636
59.034435,-13.111312
75.021,7.05672
75.445335,7.40664
75.8321,4.0450788
2.1121666,41.782112
76.4855,0.18801191
45.53386,-2.628423
62.855015,-11.274258
61.805775,-8.341288
70.19725,-4.160407
51.33959,-18.725756
50.860172,-22.471727
56.134396,-14.161865
66.797714,-1.131371
58.472054,-11.262374
70.354675,-6.0077944
56.885647,-11.688221
63.926018,-11.585904
70.557274,-1.5688177
42.757153,33.23741
72.92259,1.1937995
73.34353,1.615967
65.26146,-2.07289
67.03628,-4.36034
64.17718,-5.7986236
67.28004,-4.023234
67.14716,7.7250333
64.75785,-1.6991463
55.489597,-10.726081
61.26602,-8.729474
59.295574,-10.836787
75.9863,2.0736175
70.18553,-2.2488115
68.42448,-4.2411456
74.789375,7.1712766
58.522278,-10.567597
67.27619,6.7724295
54.060253,-14.029193
52.690483,-15.403558
53.643967,-14.907288
54.803448,-16.89978
69.940315,-3.683017
49.547493,-23.882893
53.007626,-14.880539
65.41321,-1.6065878
53.20201,-15.801897
58.229794,-11.004114
54.11285,-20.10027
49.83157,-24.161755
49.757954,-24.0398
50.611378,-21.204622
53.127697,-14.055415
63.737545,-11.408436
66.301155,-1.2280504
56.17763,-7.4702315
54.810337,-17.036102
64.055824,-10.718745
54.9332,-9.884195
41.98743,-15.227449
64.29135,-1.804856
70.15887,-2.7140589
53.718758,-12.0529785
34.84137,-26.59629
63.751404,-11.08431
58.096287,-9.512728
63.570618,-6.7294292
72.19592,0.9095935
66.637,-3.118726
51.06807,-20.119995
46.703663,-27.036253
43.588852,30.265123
52.889126,-18.370672
53.02355,-19.1952
56.24077,-9.796768
45.77465,-26.632885
49.078938,-23.72201
67.216446,7.206978
55.073036,-6.8639817
53.96559,-19.883348
68.83327,0.0816368
47.98298,-23.412086
55.468494,-17.531168
51.23722,-19.813953
65.97265,8.188533
53.03223,-14.174285
51.5831,-16.458828
53.810673,-10.74569
61.164524,2.610003
65.95972,-2.5033104
67.24351,5.7202125
72.85745,1.6194909
53.54961,-11.343178
63.212147,-2.23265
53.4923,-19.407085
61.467915,-1.199251
49.31012,-11.975055
57.41226,-6.9613886
54.242516,-10.295351
72.57271,1.4038597
42.452374,33.42881
50.009567,-14.461402
51.997746,-14.321373
54.010403,-9.736741
53.39871,-11.2693815
73.74036,2.2391922
49.499496,-22.737518
73.05451,6.6488233
72.64996,6.4640346
70.32228,-0.899257
60.752373,-0.9054495
60.820637,-7.9384823
63.27683,-3.0176551
61.817135,-6.021035
49.9981,-14.143552
40.51371,4.1838045
49.43058,-24.058924
57.42054,-9.427025
49.203026,-16.93112
51.987095,-11.910808
62.72797,-2.5444233
62.657658,-2.343023
54.71945,-6.6684327
50.45804,-13.090085
65.45334,5.1077447
49.109337,-16.045668
57.582844,-6.560787
47.812893,-15.715281
62.930065,-6.212404
35.08407,-29.526869
51.734493,-8.219759
44.090965,-22.034304
50.246056,-12.849654
45.459885,-27.086424
46.624493,-27.236698
49.216316,-13.917904
62.207226,-6.235446
70.87991,0.47168687
70.16567,-1.5234525
67.07109,4.8210516
60.98293,-8.066776
71.12892,0.75086886
64.72353,-1.9960835
36.84432,-37.15381
45.38921,-27.081217
45.10973,-19.259151
63.86125,0.8507969
67.823364,4.21098
47.420563,-23.300367
50.854473,-17.91958
49.68815,-15.109059
63.220448,-1.8517118
63.44988,1.1660963
54.039898,-5.878034
41.753082,31.68254
57.28854,-6.1739073
62.14076,-2.9652789
61.151917,-5.85893
42.1695,32.448742
35.187412,-28.923635
49.86844,-17.39268
52.329784,-9.588831
61.109745,-1.2221414
34.94832,-29.896788
46.042694,-18.89179
56.978832,-4.3853145
46.10525,-12.605839
47.60717,-26.625816
45.02422,-20.429045
57.22764,-5.6652474
73.887,3.2632704
45.15219,-26.189014
36.200413,34.876884
-8.737649,-54.255672
61.461723,-5.8513775
53.71032,-19.869944
52.460472,-14.621179
48.647873,-11.188198
71.16767,6.2662067
53.767536,-20.303564
29.432526,-45.09777
42.763557,0.2702731
65.07352,8.479305
58.39686,-4.165275
73.38935,2.5017295
70.16741,-3.582165
53.86065,-5.3428345
64.87927,6.5716896
44.632103,3.4973269
42.22805,30.340103
55.74718,-6.269414
40.516205,-21.889357
45.882835,-12.380612
40.548706,-20.836468
45.09428,-16.165564
68.80756,7.9228826
38.08127,-23.468666
37.551365,-22.574808
51.159527,-8.455915
57.021374,-5.4602532
46.91732,-15.399378
38.10919,-24.916592
46.963345,-11.522991
47.53092,-11.632708
45.05373,-16.244432
41.795143,29.282179
64.86574,9.130964
53.849697,-5.320732
45.014385,-21.126186
43.681232,30.196281
34.16834,-23.272097
36.918915,-39.098145
50.084393,-12.046464
48.599228,-24.766296
32.515026,-36.201916
42.971775,0.6446486
44.221478,-24.489546
28.84907,-46.08682
44.60007,-21.293976
29.008741,-44.24144
43.681236,-22.886507
44.112686,-12.1197405
-23.790924,45.24222
57.88562,-5.6107817
42.299072,30.801815
35.878616,34.13415
34.220184,-26.586348
30.70269,-33.7726
41.57706,29.35496
-7.3893523,-52.12828
56.65316,12.08326
36.57365,0.5385737
37.934254,-23.629986
68.339424,0.54120433
63.58484,1.63102
35.87839,30.224014
70.80318,2.674693
74.277374,3.0091803
73.797035,2.98537
42.96157,-18.667841
49.55975,-13.1632
45.043186,-20.137972
40.957012,-6.9017344
64.61652,3.0658941
34.18703,-25.272282
50.791557,-7.6686673
45.75735,-27.769865
65.44836,4.7275915
32.820415,-39.665146
43.079304,0.17910646
65.12839,3.5064726
62.208668,3.1976085
40.13903,-21.989117
43.583324,-8.837259
22.241991,-1.9165627
48.191875,-11.212142
68.38109,0.5661459
43.641308,10.122872
45.621353,-11.649176
61.235687,9.40439
49.76756,-9.334568
41.43917,-19.551338
42.437355,30.053293
57.007244,-4.921136
65.02819,5.3524327
44.712944,-25.84165
39.733864,-22.628996
34.94295,-11.126919
41.089645,1.4279711
42.789303,-16.544863
53.7159,-8.518079
42.373238,29.536343
31.648323,-29.224146
41.26112,29.547575
44.604267,-16.402012
25.60976,-0.6360779
41.578625,-19.16191
43.923923,-18.684174
57.602,-4.2445555
27.73399,-3.527856
22.005901,-2.2904258
32.44324,-37.346943
60.94105,0.5219529
20.978958,-2.312269
32.728184,-36.55929
32.97109,-27.71332
15.532658,-1.416958
21.538803,33.769882
36.184258,33.68126
33.083668,-39.351654
35.982376,32.837803
60.37341,-1.0488597
58.723675,-3.5892344
52.98889,-4.778333
48.66557,-5.4419065
45.60758,0.34445965
61.729748,2.7919924
40.686146,-18.138025
50.00759,-8.940955
50.66811,-2.0353034
41.044025,0.28489584
31.57614,-29.33636
40.348095,-17.964579
44.536407,3.7323713
44.740932,3.6217568
31.751022,-1.9220577
56.177006,-4.32541
34.737118,-26.500612
61.282597,9.4041605
36.522255,18.955849
37.718765,-25.35747
24.98375,-1.7425647
36.80674,33.05497
40.218735,-20.51414
22.486776,-15.1984825
41.48191,32.498016
33.082684,-36.886265
-3.7069104,52.978313
42.06759,-17.365318
37.896217,14.996416
22.857971,-4.292302
36.405712,-37.533596
42.388817,-10.375354
23.583843,13.024794
46.414356,-9.568391
-8.817655,43.94777
30.834393,-32.666344
42.759598,-11.663886
42.305767,0.9176478
39.81591,29.408298
17.188847,-3.5748134
63.538372,1.8812946
50.303917,-6.94007
62.153347,2.0351086
69.87561,6.866362
50.455235,-7.285434
43.077328,4.271619
43.43492,-8.6565075
37.36321,-22.622978
32.54698,-27.523127
25.937672,-2.7575603
43.830235,-21.211563
37.875645,-3.6743555
41.684254,-9.466661
45.272278,-11.262599
38.241722,-3.3773928
35.72884,-1.1637039
63.43419,9.387626
30.995533,-30.22732
43.446304,-10.852799
44.773373,4.050253
40.96324,-12.742665
40.959312,2.316865
41.139442,0.4497581
41.13877,1.0139526
41.504757,0.84251153
38.059948,33.35313
37.865044,13.052247
31.109358,-29.610382
35.133827,-36.96251
43.896446,-11.072499
-21.40795,-2.250926
43.338123,-14.821707
35.39718,32.068523
56.70173,12.296122
29.84378,-27.949963
30.914093,-30.60743
37.226006,-22.907143
31.624447,-28.715513
23.632708,-1.5348831
18.282305,-3.0020337
-1.3646572,-33.13657
60.757675,0.5696774
-21.81545,-12.18357
32.273785,-26.414246
31.931574,-37.26089
40.195312,-22.095346
25.291922,-1.7619663
18.744408,-5.713519
30.666422,-33.573402
43.62409,-24.218702
42.636024,-20.612854
-2.4094007,-44.430862
2.480129,4.443423
34.66652,-22.124079
34.399117,35.49557
29.14264,-3.4199252
30.842375,-32.447254
-33.93344,-40.34556
29.986254,-34.56336
34.36325,-38.26637
33.36752,-38.796444
39.288292,52.304638
30.51539,-34.470787
42.617153,-18.58679
32.85413,-38.1335
32.7551,-26.169836
-21.918938,-10.052235
34.11481,-39.422127
49.61579,-21.933165
-51.07163,-26.93647
58.56079,8.140026
69.82972,3.320092
42.834145,-8.685929
44.06778,-11.114783
33.18405,-1.7817951
21.339724,-1.9388491
29.69628,-31.104069
41.07886,-4.278014
5.507133,9.899413
27.871796,-37.36439
28.134422,-45.848133
68.40345,0.7939311
41.66932,-17.053808
70.67886,2.902292
70.29036,0.62912345
41.258194,-3.6061783
61.248383,1.5681143
37.99028,15.017662
45.58802,-2.7328343
49.853924,-6.10792
49.057007,4.825032
65.54299,1.5300566
47.515907,-7.514444
18.14744,28.388063
35.471138,-38.1576
27.4269,-46.446373
51.31125,17.033718
46.045124,-10.206821
42.184288,5.420476
-1.2280407,-19.437864
31.096687,-1.5853148
29.799414,-23.360184
42.97375,-8.194002
35.232536,32.12495
11.836172,-22.957783
39.20116,34.40504
19.049965,-3.3843963
31.797764,-26.504541
37.998775,14.498541
15.57574,-3.0356948
34.190693,-22.909323
17.664839,-3.6508741
23.916195,1.0602092
33.825275,35.827847
42.490116,-15.067775
13.696078,-10.645328
26.87075,-36.051094
34.73635,-38.250645
27.150064,-36.56035
-18.719574,-21.516787
28.314323,-44.99357
4.3835073,-13.528104
46.435886,-6.3507032
75.66324,7.4887815
43.033623,-20.865023
31.375803,-26.485483
14.981793,-2.5145762
42.801384,-8.608107
35.17182,-36.01968
32.68994,36.161556
19.725092,-5.440838
29.185417,-2.9469686
30.482841,-30.41801
44.744907,26.637945
19.701038,-3.0629077
60.983883,1.0375196
33.960915,35.804768
35.23666,-39.09723
17.437023,-8.30281
38.19012,-2.399535
41.773827,-9.898811
50.821247,-1.5403798
68.24536,-0.26743513
63.156563,-5.052599
36.877224,-1.6928685
44.695717,0.8306777
42.565273,-9.400294
36.683487,-1.5467595
63.63432,9.367476
47.449497,4.9394727
42.52147,4.585872
43.30051,-24.034225
44.320385,3.1595013
33.517124,-37.693134
40.422012,-17.411524
41.752247,-8.28973
35.784317,32.077984
44.686867,10.528403
29.596529,-23.41864
41.49867,-16.133827
39.90609,16.163269
5.3127265,38.15471
38.299717,31.738224
40.473873,-15.958994
36.11758,31.122183
24.583893,-0.5348284
47.76819,-7.5298758
27.730503,-3.511321
36.759037,18.708923
36.025528,31.916588
34.64746,-37.150204
34.593437,-36.82558
23.360945,-41.235104
27.71907,-40.1198
47.276524,-7.7177815
17.11741,-3.76878
14.659456,-3.357345
17.11889,-5.5964847
-32.94039,-47.031555
28.005417,-45.300842
28.149305,-38.954613
27.535677,-36.715332
27.87235,-36.35055
22.882944,-5.2317157
23.33868,-32.414944
35.051952,-38.703896
33.419277,12.696253
23.96535,-42.06128
30.230644,-0.9479021
66.72716,1.6885827
18.806257,-1.6546556
66.80814,4.807635
27.695038,-39.44009
49.75091,-5.74255
17.440308,-0.665582
14.186026,-3.6052315
8.69891,-17.293232
35.820324,35.036507
18.160954,-5.1316442
35.274197,18.861984
34.80164,-36.321934
34.667694,-21.230015
37.39545,-2.7984936
32.59375,-1.1961933
27.549603,-40.605625
64.73215,8.571003
42.60757,3.3859406
50.842525,-0.15260173
61.282387,4.5137215
22.854406,-4.2697687
47.362125,5.025344
69.091,7.585633
50.763824,5.451095
25.014034,-23.255611
51.45974,4.3535643
37.599262,-1.8688046
31.947983,-22.727797
44.86982,3.3157048
46.27962,-8.386128
38.67004,28.578558
24.35836,0.2666549
37.50866,-2.2934453
23.988745,-23.020798
23.939333,-33.162228
29.021185,-0.6166737
27.582447,-2.8440022
34.875175,-14.261219
39.18309,33.027588
26.481934,-3.2621603
39.578926,9.623447
39.572758,-17.458168
40.182552,-15.601261
-17.134138,40.7996
32.339737,36.262844
39.94585,-6.9601774
16.405838,5.5412126
19.101013,-1.599962
23.637703,0.37769857
22.849009,-33.591003
64.10715,12.430127
16.842527,0.0664825
27.69175,-39.367157
23.685566,-29.329636
22.467316,-39.89222
20.632467,42.67252
22.166447,-42.595573
25.345043,11.379476
10.651494,-2.8980644
41.839897,5.6289296
37.997803,29.144667
42.488422,-9.312681
21.785767,-35.290524
70.49548,1.5330496
39.34089,51.59303
33.72451,2.5623853
23.688032,0.2943756
24.576427,-28.693813
28.006079,-3.033624
29.03118,-22.901272
27.438349,-45.78251
13.400731,-3.4718938
44.99917,25.880817
21.864208,-36.21994
29.439308,-27.975595
62.943188,5.234661
60.267265,-0.9750213
39.821762,3.783245
61.91005,12.227725
35.646793,-10.874375
52.95597,-14.774086
62.959435,10.543465
50.297718,14.510709
50.149258,4.9604816
28.390877,-2.7216587
52.48281,14.270416
39.34229,-11.436972
29.072737,-27.661364
34.07928,12.11887
20.832825,-40.12067
39.140465,8.875991
28.469437,-24.983131
34.691864,-14.3476305
41.578102,-14.914873
24.627596,-22.642477
28.221176,-26.85058
55.84239,10.734605
31.02018,0.91032225
19.631529,-0.6610083
37.47459,14.452193
39.138226,35.1123
39.053825,36.919956
41.18094,4.2946725
33.608547,-17.51473
14.513749,-8.1314
45.376583,10.9513
23.16964,-32.355415
16.993793,-8.635117
38.965187,-17.389286
-23.239489,-46.371105
24.386333,5.9442406
29.431168,-29.884327
39.291767,29.019323
-29.233574,-38.81609
35.199894,-16.838264
28.34709,-27.15567
37.274075,14.195449
14.577736,-7.676343
32.944206,-22.555464
29.05549,-0.9309476
26.096905,-4.0656567
9.715352,-22.354275
22.919802,-35.81974
20.071428,-25.887308
24.982185,-29.003916
18.940536,-33.085323
34.987713,16.443363
46.704453,-7.906598
40.092392,-17.336891
35.772907,17.318235
32.004684,-22.60664
26.0489,-35.136894
61.412064,2.8850708
7.643352,-14.542574
21.452288,-33.19161
35.30854,12.890324
23.590754,-41.97155
36.369858,30.087158
19.40165,-0.78096366
15.4836235,-3.4220974
28.301277,-41.186428
24.345087,-32.255783
30.912064,-26.771496
14.727974,-6.460307
28.322084,-25.27535
2.2002933,5.271749
18.063097,-4.624417
1.807124,-12.298815
22.693432,-36.22631
23.516186,-33.34052
14.457849,-10.642983
17.012154,-8.674004
16.276749,-2.5570505
20.529467,27.687838
-9.131637,-54.24321
23.06796,-41.816807
21.78946,-39.063175
-19.711014,-10.789992
20.703915,-34.991974
24.526127,-33.948578
11.341494,-5.5937915
19.958448,44.762383
17.214779,-0.62378484
28.744843,-43.52014
14.407795,-5.8688273
34.42119,16.074314
21.521147,-40.15066
-36.86328,-16.486973
15.117526,-3.4769347
21.552094,-32.415195
26.608904,-41.2157
18.729643,-33.268944
-32.860237,-40.66502
15.117508,40.283966
30.822575,-1.8452404
16.793167,-0.86136776
75.10437,7.063068
36.16167,-35.345352
64.246216,6.037582
38.376286,-17.307924
30.673655,-24.263597
28.116882,-45.09953
35.38811,-16.668848
2.3084493,-11.328702
36.10552,-35.42952
23.672447,-28.38829
11.786353,-8.5277195
39.828358,-7.0965915
12.138216,-4.7315755
38.109875,29.318787
34.341656,-36.671215
31.32376,-22.013298
23.452335,-34.997482
33.90732,-18.299036
10.654396,-3.0086453
33.5766,-20.055883
-10.191044,-33.3771
70.723946,5.885027
42.444233,-8.305449
49.74472,-1.0573303
43.49465,-7.6226783
48.365646,5.445773
27.656384,-26.826979
50.759125,-1.0728475
21.91481,-38.472637
36.910587,-11.32284
41.05198,16.958675
33.586983,-15.787501
38.295525,-7.9190807
49.301186,14.577744
24.244684,-23.200409
21.246464,-9.487556
54.697643,9.1809025
36.558224,-11.567559
30.978737,-0.867331
33.347816,-0.17019509
52.162212,16.101109
23.571442,-35.45106
48.827988,16.923016
21.95644,-32.520714
31.2195,-21.599913
20.826931,-31.704508
23.7878,1.0582619
33.529953,-16.474697
28.625326,-22.754257
27.046358,-27.290876
33.66297,9.61043
23.987452,1.3761449
20.27614,28.715664
14.631416,-9.461111
38.77581,-10.85962
22.997179,-39.49166
-13.16834,-19.290834
15.870017,-2.4875827
7.7823215,-6.710275
-16.109495,-26.17032
30.847784,-24.523552
36.89911,29.515703
2.9248376,-18.720093
2.1974473,-10.808019
36.61205,32.573036
15.322491,-8.906073
22.388575,-38.95749
40.273357,50.73845
28.837763,-40.606262
1.8432006,-12.715939
14.204056,-9.796759
-30.921236,-37.523964
18.393974,28.80956
20.351116,39.246437
32.442387,46.376656
28.934074,-40.546436
37.68046,8.550699
41.05386,13.624726
24.740261,-39.734024
39.61734,29.894688
13.373033,-5.6698346
23.801022,-24.545979
32.160313,1.6348355
-33.64072,-40.206776
12.565404,-3.3515775
24.80167,-26.084686
24.288637,5.9151278
42.34657,13.0289545
29.640617,-35.225765
34.07856,16.45533
20.596668,-2.227633
33.73416,12.274966
39.374043,51.577976
34.349228,54.190838
7.2511477,-5.2037764
58.720055,8.116941
38.917168,30.101042
35.778427,-16.026337
56.117947,2.6852965
31.191452,1.2042816
23.099092,-25.93995
39.841034,34.846146
13.403762,-12.366964
18.645805,-5.5467176
40.313183,34.967102
21.170063,-35.97049
23.051737,-25.775059
32.430023,7.8979363
-16.735174,-30.691795
-18.251698,-32.520065
66.770065,1.7461135
61.949837,3.7196593
35.06385,12.487326
50.960484,3.5432405
47.557346,5.985464
63.543163,4.5325403
48.443523,5.5938616
39.052074,3.572345
32.50316,7.6400146
29.401377,-17.909643
46.65978,-1.6772751
47.3168,6.367869
33.317493,0.1669932
50.890507,13.538881
41.512062,4.9551387
46.237057,-8.4042845
37.104027,5.1595078
15.888012,34.217896
36.076473,-11.253771
37.636353,7.7769966
42.447258,13.003891
34.145,-24.816402
22.487152,-25.000326
33.90532,17.14313
33.36445,8.016478
25.555416,-26.56963
36.52188,-15.956913
40.175835,13.395641
-9.854715,-55.595177
24.348063,-28.664371
37.800793,19.432413
31.97596,1.7931046
52.91392,9.433612
25.601442,-26.171759
50.52444,17.226084
13.107197,-10.431101
-16.021452,-16.574492
-4.9219346,-26.042889
8.368954,-24.26555
48.643394,-7.1786733
20.703411,1.0733114
33.67705,9.343566
20.579588,0.74975824
37.00849,28.430498
5.3275495,9.806439
1.969031,-19.09869
5.1315966,-0.91505194
12.653666,-5.439184
40.391987,17.913458
34.007465,17.122797
8.833015,-25.166054
37.05737,4.930526
23.40355,41.17272
30.89323,-16.00369
24.038282,-24.930119
20.50309,-32.049496
37.18443,28.311348
11.71312,-5.5113187
31.963045,-14.725905
20.522188,-31.853125
-2.5492184,-15.307682
-29.370892,-38.54565
-26.098076,-35.803783
32.346222,9.949517
11.278142,-6.012425
-1.9599072,-16.765812
19.583834,45.431408
-30.26635,-43.094563
-19.399305,-38.38929
23.247913,1.2587469
11.66621,-6.1422057
13.100055,-4.9040427
11.80002,-8.194885
-11.129864,-19.45873
33.288597,15.561343
-3.814687,-16.013304
0.58941907,-11.975611
11.5876465,-6.5902305
22.710808,-36.946285
6.9636626,11.192605
20.329773,28.21025
23.22692,41.37021
21.281275,41.443188
-9.567889,-25.896078
25.823843,11.386318
4.2986946,9.940984
2.9070542,-13.101837
32.671085,36.254997
4.1015096,-17.735294
-10.472657,-33.315002
1.6714526,-10.655169
23.413025,-36.84126
9.803137,-3.1161144
-20.04652,35.692036
12.971102,-5.0083055
29.169415,-40.742218
22.006334,-37.670074
23.239319,-5.538792
8.162791,-23.866133
22.532776,-42.237286
-23.90315,-32.558548
24.213242,-29.548643
4.565247,-17.18262
-31.49481,-37.58639
-10.305273,-34.277405
-3.1982005,-12.265244
20.250511,28.188887
39.000973,38.34521
58.383175,5.975614
22.166265,31.703907
53.538864,18.911205
25.599745,-3.1352575
37.261017,5.9434485
-30.224812,-40.009598
20.01454,-5.055218
24.370476,40.291878
13.327639,-10.735877
20.284946,28.479496
9.423114,-24.810862
25.936584,-26.66243
16.712343,0.28281084
35.843494,17.392227
53.780544,8.461777
5.563719,-0.12716112
25.943542,-26.38576
-8.477138,-7.2982416
10.891296,-33.552795
5.4680223,-31.02288
18.93394,45.38075
19.116213,15.952846
34.8468,46.836
-23.587551,-36.17456
-1.193299,-12.916943
37.665337,-7.8040075
18.287657,-25.768
32.2124,12.487929
21.284872,-9.500665
-27.934675,-32.857002
8.49375,-25.17634
33.04747,-12.848539
0.7778558,33.89062
19.893732,46.38003
40.9562,-9.059021
48.126846,-3.4815464
34.26143,-12.578661
35.991905,4.4485817
19.15882,7.7830243
10.084975,3.9989464
33.40968,2.689597
11.929944,1.8572332
26.915817,-8.344321
33.22173,0.044106174
20.79384,-23.469152
45.201233,24.349104
40.165413,17.78018
5.7322483,7.621136
31.708542,-17.269758
21.966084,-17.492159
33.07592,13.469827
21.781334,38.297054
-9.714957,-35.315193
-8.119317,-54.713192
25.268171,-16.493744
46.763256,7.630523
53.80398,-10.267172
19.107399,31.26364
22.78596,-22.700344
15.36547,45.99026
-18.43866,29.851938
-11.079445,-23.553225
33.12474,11.948873
-23.358635,-47.036415
30.766401,-14.366104
31.84775,11.82938
-2.4387517,-3.4862092
8.380754,-28.58935
11.767803,-35.097084
23.416529,31.852377
-17.229181,7.8179603
31.233047,-15.401938
-10.730351,-33.96973
23.38258,40.841717
22.497274,43.954647
18.39201,31.175728
20.86217,-32.17224
23.459652,-39.086224
-20.000853,-46.450554
11.78993,-24.337801
-23.229254,-26.555143
-1.269333,35.97257
15.800566,46.031578
-29.725252,-36.633907
9.71724,-22.432693
38.95843,50.370895
21.08425,31.460167
-1.8029561,-11.968478
31.904074,53.616726
-18.024067,41.09916
-4.8138914,-25.737919
-19.369993,-17.365364
19.883398,46.18585
-32.38403,-37.38639
33.14612,-15.080438
-37.9969,-48.49016
50.370018,13.595081
50.693565,5.090863
29.253075,5.458441
38.257633,38.388416
37.854313,-8.879245
12.595451,-25.654303
16.468943,14.356547
40.465515,50.46342
33.14849,11.804851
5.4465933,-15.248163
22.557251,43.300873
10.513495,-34.01326
1.6595007,7.6874247
-23.479252,-26.388386
40.323044,39.309654
1.4226823,8.146595
16.36099,8.46518
51.344135,14.191601
50.310837,2.8060467
33.409138,-12.155371
31.868214,-15.739818
5.2628465,-8.617574
32.857025,10.168232
41.651653,49.594418
12.394904,-13.62793
3.109606,-3.226478
14.329749,41.119236
-5.328331,32.418297
-23.917004,-26.042173
30.548529,3.0258377
17.347456,5.7667336
11.746292,-5.1701245
-31.9071,-37.84109
22.43567,28.416101
26.045172,-8.212852
-25.226454,-27.40565
25.162554,12.4043455
-7.7720075,-8.621169
-11.020343,-7.5038795
38.371685,4.71758
-7.1065054,-28.612986
35.388226,19.036303
-8.47912,-51.034904
67.67237,2.4464524
15.201904,5.7966914
-13.466309,-22.20263
20.200497,35.06805
45.998722,11.741879
49.35364,-0.82014996
26.443602,-22.287354
52.078262,11.429279
52.876728,17.110758
66.34071,2.0005326
-9.539078,-55.614666
38.151188,38.55601
31.781343,-13.467856
28.765888,25.49101
17.121231,34.184635
50.978695,5.7927375
50.32581,13.826198
31.613464,2.6861672
31.49126,-17.261444
29.90526,5.501441
49.91074,12.615227
17.439205,6.0272474
45.923836,7.595599
17.460798,32.68388
21.659475,32.31286
34.12003,28.368155
36.594086,8.414698
17.364614,32.440186
41.789696,11.866232
24.267574,-15.868858
15.916268,28.781498
37.816654,38.99736
46.109577,15.757233
30.914694,-15.112003
6.0805397,6.1835065
29.57704,5.5111957
39.60462,45.347137
20.112507,-24.927504
28.628908,-1.0144928
21.787935,9.8894615
36.38005,4.986884
31.388311,-17.153778
44.53831,14.024227
12.318395,-14.821222
11.543225,-14.918066
23.42053,-22.37485
10.395862,-12.870429
-14.43355,-41.941006
21.767698,37.974594
17.27793,30.103039
30.999725,11.017289
50.30668,17.426584
25.66362,11.025736
-9.947059,-35.037106
35.732323,27.489634
31.57246,2.7435648
29.547457,10.154399
-6.3707867,28.272047
16.081068,7.4374037
23.738987,-13.791983
6.190913,6.1614237
1.4321846,6.077156
-0.74724996,-17.685818
22.326138,44.064934
21.797234,45.34557
26.21332,-15.816223
32.54267,52.10089
10.790192,-31.155182
22.050188,-42.629578
20.104692,-24.83919
24.84134,-29.53962
23.030748,-17.095556
28.74793,13.601927
-13.724773,-24.917458
9.962801,4.2801075
12.719036,2.552401
21.898634,46.17334
20.953075,7.807095
-19.217875,-33.11326
32.65774,-15.721419
-9.934243,-26.66386
19.419764,30.071003
-15.632211,1.3932158
18.845411,-25.566454
33.565758,7.706773
-37.62736,-15.014777
21.720806,31.561281
-1.6705729,-16.956638
3.2464173,-2.1676264
4.7860413,-6.3319726
21.572641,45.88194
-14.522031,-45.85227
28.509645,-42.505836
-25.815996,-34.769386
-10.041774,-27.409807
11.1482525,2.5434864
4.907896,-0.013550565
-7.905262,-25.445768
-25.528221,47.33576
15.246538,46.911922
4.5893817,7.1636004
-20.707617,-10.290963
-1.5844907,-10.934406
15.198656,46.886623
-22.76125,-35.83634
9.927152,-28.694633
8.190975,-4.86547
19.676065,31.236511
12.063864,-32.663837
27.65716,-41.12243
41.135338,11.617227
-32.362843,-37.331844
6.10128,10.79819
-1.7863507,-12.889391
-13.745662,-21.769392
48.437767,15.815119
-8.361062,-49.238503
27.530792,-38.97931
-6.821468,-3.7733412
-2.6804614,-11.00478
-36.8142,-42.380447
4.1317854,-13.965268
-17.568707,-21.605558
7.4066124,-36.719257
-41.97605,-18.170177
-28.373526,-33.170918
-9.237818,16.424046
10.622365,-34.573765
-21.764236,-32.64792
-20.181269,-44.624638
4.6423335,13.14842
-17.476517,-21.32698
-10.785141,-47.755962
5.269016,-14.012142
-25.984087,-28.406462
11.83907,11.722056
-12.551302,19.476034
-9.361061,-11.72974
2.7289753,-32.98866
15.997995,44.144756
-40.205875,-23.30391
44.017315,16.785923
-25.829363,8.095973
-1.4235095,-48.97748
13.393486,21.210592
37.530922,39.843594
6.3288584,7.3005676
-1.024965,-18.16718
-9.265786,8.837336
22.989132,28.138523
-32.3177,-36.207157
7.767482,-10.645647
9.896509,-12.7893505
36.559593,33.54447
19.409185,-16.300247
31.29207,-12.417837
-8.064809,-48.76825
20.214272,-25.714817
11.527955,2.111872
1.851808,40.129524
17.51915,31.95585
6.0935736,-45.85175
23.846327,42.7851
2.7406194,-3.0919554
10.932978,-24.494081
5.4858627,-20.963425
-0.6594222,-13.561603
-10.524003,-46.171875
23.385695,32.12554
4.9619436,-5.8631935
0.6483201,-12.546571
3.9842312,29.797318
17.372799,46.98041
16.733112,19.842928
32.13145,14.296047
4.97331,-5.6864243
13.211736,-28.347143
20.761118,-35.5013
23.19215,39.381203
-30.401474,-34.579853
22.901695,48.787693
28.434628,10.6194
43.52479,13.624413
29.39364,25.534027
11.712013,-13.890654
27.434093,-9.144092
19.106638,-26.56792
43.94122,18.788664
38.599167,47.412914
7.9885283,-17.180632
29.47632,10.184166
2.6679127,-30.122355
56.042046,10.334213
15.770256,29.981197
30.529314,-24.870314
54.290367,9.319742
5.5775747,-7.1254206
-11.98639,-12.469962
30.403608,2.9012954
15.413434,5.834857
-5.5345454,-3.386615
7.3150196,-5.0410733
8.63391,-13.031303
5.2822833,-16.784273
13.883898,42.565857
16.424135,44.968636
9.699031,-24.309988
25.391567,15.666261
-30.986927,-34.813507
-21.181465,-29.93782
-11.568861,-47.87121
62.35484,6.3749185
21.737669,-17.330805
37.356873,-7.9613543
53.77008,4.743765
10.174807,-28.011003
49.443127,1.6123232
49.719,3.0317621
30.482615,-16.517931
28.005884,14.589337
39.74039,5.2989216
54.657425,8.591388
30.358543,2.994141
33.879322,7.349822
30.984926,26.100628
31.743732,16.008377
37.166386,8.477869
-7.1223288,-27.437305
40.34459,39.648483
34.381306,26.815401
-0.22420187,-19.855001
-14.127189,-16.01032
12.260972,-17.275331
12.142348,18.162853
12.7783375,-15.624046
23.541145,31.951786
-0.33898577,1.1874044
-24.638594,0.40776294
-5.820105,-2.7190769
29.573116,14.464169
19.265707,7.895402
28.652214,26.297369
39.366367,49.383537
24.28428,31.773151
-17.9141,-42.97302
18.567871,8.379327
-28.837198,-27.056536
-21.508766,-29.707693
-16.46522,0.95998573
23.271116,28.633738
28.339188,14.209833
14.119391,25.10747
24.127085,-16.121305
8.234309,-18.711843
51.077023,13.758164
10.154945,-16.72988
9.113652,-13.095508
-14.4565935,-42.417595
-12.22803,-7.8571043
-30.146036,-47.099457
39.079075,25.664352
-8.535327,-12.595465
8.185983,-14.67746
11.133483,11.373221
23.868399,31.979328
11.046226,-14.515765
-8.702681,-25.69548
11.368312,-13.337144
-14.300419,0.8487882
-1.0320995,-4.3142605
-0.9497822,-4.7813935
-14.244906,0.89123577
-4.716845,-25.623768
31.728966,53.43619
-50.648792,-0.8136476
12.279214,-15.220772
12.81967,43.861805
8.507071,-17.190763
-14.089966,3.0928633
22.24748,29.49188
9.681816,-16.044437
-22.891802,-29.467667
2.4171243,-31.147728
-26.52908,-30.099257
19.574589,-31.390036
-34.18964,-22.067392
-8.800382,8.724299
-24.492413,-25.664755
18.698483,47.632042
10.134876,-10.77717
-14.369365,1.9108236
-25.571125,-34.397087
-28.967493,-26.774675
-10.348988,31.084066
-12.823395,-17.037418
11.842786,-26.905178
-10.522759,-8.432484
6.547238,-28.997051
-14.574309,-21.26082
-8.959164,-2.4635625
-12.926366,-23.87213
24.965933,34.377144
-20.688559,-46.70993
5.556085,-15.114291
-36.486492,-21.700516
-43.499027,-8.871444
-25.22143,-31.550367
22.580036,29.33095
-28.041458,-38.88532
-2.124688,34.924175
-5.3833394,0.3145213
37.074,49.49214
-0.25366682,0.7058466
-1.0002763,-4.6160545
36.615074,49.692856
21.348118,47.76511
20.501154,47.016052
24.755758,46.697136
-17.173403,-21.976212
-1.5319784,-77.72191
59.032185,10.81155
-26.218054,-28.823677
23.457403,46.904076
0.82907164,10.215975
28.517204,-39.86305
-26.495495,-27.968407
26.584673,-7.934117
23.391888,28.818844
33.05289,-38.145947
13.366487,-27.323683
9.520104,-17.820742
21.322937,46.32667
38.83303,49.852943
47.316006,6.6294384
-6.58073,-26.070902
28.868069,-16.23046
-14.95848,-16.158245
-28.901976,-29.129467
25.455004,-10.400922
8.383588,-17.92178
-17.44289,-46.905964
24.53827,30.660616
-2.4950173,35.03971
-8.88709,10.639001
6.3868346,-4.0054483
63.69062,6.21331
-9.381691,3.925962
28.509354,26.615309
-13.458354,-24.297983
30.771181,-12.489768
5.412835,37.91574
-14.107587,-43.257755
-29.318565,27.800117
-24.349941,-1.0800247
49.44482,2.7564547
29.249191,14.476693
-14.894114,1.3631897
22.389162,37.578106
10.868784,-14.811201
-17.344465,-22.183243
9.783287,-18.01441
22.124535,15.634277
-2.030894,35.440998
10.790877,8.737951
-7.8253717,-3.4307463
4.1644506,-6.9889317
-6.1718693,-11.591184
-5.5093126,11.037529
17.552116,9.099076
-11.061022,18.986704
-57.431236,-1.2083753
-1.9912448,35.637604
-9.678155,16.949718
27.961119,-45.748417
13.290838,-28.07726
5.9533734,-17.185772
-23.272154,-13.04719
22.938978,48.33906
-2.3963733,-10.139179
-17.707497,-45.973972
39.27168,25.68531
-14.561652,1.2046298
16.729296,40.63676
5.803817,-14.476522
37.49944,39.85868
44.49392,13.831227
31.59263,3.4984925
52.461674,15.825017
-7.6745243,-10.017569
-13.39462,1.4063779
14.902918,32.43387
17.757875,7.7049775
16.39164,-17.233736
49.44147,1.366185
34.107224,-10.711753
36.24551,-6.531668
61.37151,5.895407
53.104713,5.7864213
27.17528,-7.587261
-3.0124452,-10.1993475
14.168451,29.04161
32.901806,24.165379
33.257427,26.928867
30.25095,-8.725216
27.097666,-8.950919
33.41761,-10.775524
31.865301,9.773175
6.5099483,-40.108524
62.229572,7.968613
50.42432,13.571962
28.431479,-9.979055
33.90862,26.059128
47.18442,14.359057
33.89968,-24.045895
47.117146,16.732159
30.180029,7.091036
20.174135,-17.379194
-56.938194,10.554093
13.367583,45.87018
31.550207,26.672255
30.515684,9.181453
16.896772,34.388306
28.08275,14.7264185
49.288055,18.61378
-19.882805,-44.381687
34.17176,-10.433084
-29.138254,-1.0248457
30.094748,11.600882
5.6657233,6.447959
-16.477608,0.9777688
10.017324,-26.021948
28.092669,-13.690279
-37.90924,-9.355307
17.151297,7.6056166
21.758322,15.93755
-10.378057,-54.321068
22.484581,26.961342
23.43867,-0.4675801
9.825893,-17.10449
-30.225801,-2.1818266
-10.386111,8.138751
30.563633,3.0817811
28.851685,-9.856115
30.177298,25.65833
-14.470348,-44.43751
28.736855,26.300995
-12.155229,15.957573
-0.4002784,36.757683
-29.013594,-28.066185
18.24461,14.458392
-2.5641294,2.5706515
43.357002,17.300549
42.94713,17.320932
17.431898,7.60511
25.250801,16.651394
4.5254364,-31.562454
24.52882,-10.134643
-17.691376,1.6142013
11.676009,27.76353
9.562308,4.9601192
23.356392,13.8319435
-41.366375,-44.785255
5.342739,48.296593
-8.250094,12.370265
-27.607918,19.263
7.7353454,14.395503
-35.14918,-42.956062
-14.0340395,2.910694
20.856247,8.280247
-6.6207113,-2.6444976
-0.9008605,36.56366
-16.331783,-47.216625
16.92411,11.130285
27.603298,12.284499
8.794194,-27.189045
-23.369081,-14.082558
-58.189014,-21.497307
-5.6094365,-10.124879
20.519306,45.668003
14.326271,42.776062
-37.274002,-16.122833
-28.871298,-29.174511
30.553059,5.8154306
12.7398,-16.77773
-35.84617,-17.693417
7.730663,-10.598831
-36.799904,-20.761314
24.083815,34.029778
-26.827929,-30.171001
-11.363463,18.053564
-20.713373,-19.627234
-45.481453,-12.069842
19.439537,-25.859495
19.958033,24.163078
-9.244736,3.651353
19.417448,43.36807
-13.242834,-24.192749
7.113256,-17.053013
-35.682007,-17.657621
17.108059,48.49888
-34.468693,-21.93375
-34.661026,-21.662058
-6.454807,38.43313
-14.242224,19.22913
18.34633,48.846615
-34.447704,-42.43644
-10.892367,-27.140875
29.077162,-46.611553
16.409882,4.5044823
-36.6121,-23.70883
-13.56963,28.506407
-25.593666,-31.483456
-7.097975,-2.810962
24.563,30.647018
22.888786,49.090603
-22.233599,-1.5112387
-2.632818,-9.726755
0.3447032,51.006275
40.92966,48.152428
5.6479273,-13.0257435
16.940716,40.73496
10.040547,-30.345663
-22.29114,-28.312155
-13.429039,-15.2350645
-17.287281,-33.752586
-56.704365,-13.781021
33.993355,45.252117
7.8551836,-5.378729
-17.132343,-22.324425
5.43784,-20.921423
17.575985,48.3659
-15.307984,-27.057245
24.342499,45.617073
-32.691914,-48.96673
19.800543,-17.306952
-1.2998009,-44.38658
3.7645423,-30.310276
20.39491,12.806826
53.42041,7.5615726
32.106915,25.93374
15.104078,48.06483
-59.335835,-2.4027843
16.005753,33.378914
-2.3315043,33.725945
-35.1345,-21.657242
-23.165554,-1.1940174
32.268604,49.513763
-1.9252186,-3.8649259
-58.17641,-12.67792
-12.074814,14.992185
61.728683,4.1059513
36.197525,24.252542
54.825718,7.657965
-3.7931511,-51.29866
28.719225,-24.04987
-9.196407,19.544462
23.68785,-12.9293585
49.124348,16.883986
23.70927,-12.846329
45.723476,15.870792
3.7576568,-2.1764796
24.146023,45.229797
12.814291,12.21589
10.637588,-18.410093
-2.6836574,34.36066
14.690006,23.090172
13.871784,13.862208
24.925406,-10.316234
31.576044,3.5529878
-24.539438,8.637671
-28.258963,-1.7865438
17.0521,9.428233
15.364442,28.231392
-27.346235,18.924095
15.834345,-16.929478
49.34294,18.555414
-22.500898,-3.5974126
-36.68654,-23.993032
-23.928852,6.5623946
34.32831,26.416712
51.664474,20.465834
20.35238,48.057
9.535854,5.602678
-3.8371139,32.171967
-19.802816,-48.132515
-12.217334,-7.503629
-13.095512,3.5044916
-8.359967,33.63514
-55.281868,-3.9841661
-57.396034,0.36800563
-35.19881,-22.815655
-9.05946,3.343829
5.827795,-15.364923
21.397167,49.132927
-11.36836,19.068007
28.162037,14.074927
15.952576,52.941624
-22.379341,-1.353399
31.39627,3.3746588
32.205112,3.7088141
14.206647,29.515144
3.7598658,-7.0505996
33.322906,48.861908
-36.012375,29.174322
-5.8464217,33.989273
12.63832,32.26047
12.456978,-26.858469
-3.6519291,30.83893
34.460064,26.229939
-5.8251886,32.459892
-1.878605,-0.47477862
25.230743,-10.634758
-59.742176,-3.4068608
15.620976,23.305668
38.7408,49.33067
17.456999,48.658646
3.7082827,13.6572
3.1032906,13.187776
5.2290587,-31.209797
-20.23245,34.365437
1.8723828,-8.347133
-10.443218,17.438644
-44.616215,-10.096099
-5.3699765,-4.0741963
-54.966442,-31.851679
13.546046,11.083386
-50.74349,11.812673
-0.98809814,-10.409948
-11.356703,19.12706
-38.014946,-17.248167
11.772586,-25.44746
22.506361,47.555218
29.605608,-16.28484
26.409676,-13.791334
31.116518,14.307874
49.09969,1.8142346
26.477713,12.134409
19.002132,-14.467285
30.39308,11.6362705
14.633126,32.76671
26.017662,44.651783
-2.9955719,30.755617
36.142654,48.430984
-24.062826,-17.143755
17.803156,9.245358
15.384927,23.007812
-20.584578,0.84968454
25.446966,31.814287
8.85984,-27.422836
-55.870808,-17.323898
5.2716417,46.831432
-12.279066,15.434606
-43.434395,-13.370177
28.344147,-1.159614
5.2644086,-4.38272
-10.7769785,17.81577
-37.811024,-21.138027
-36.752266,-24.095417
-32.14675,-2.2876956
-16.479734,2.0051394
6.240067,-37.07286
-30.269934,-46.851185
-45.704018,-11.867193
26.395403,12.182298
17.222425,34.956192
55.66561,3.1031454
54.118896,4.0542336
53.803352,4.6199455
49.845875,12.355398
16.19735,48.941578
52.691887,15.407407
11.439314,27.438622
51.531307,2.7601526
61.99729,12.192502
38.827652,25.594303
15.496273,50.478134
29.368347,-16.917137
14.659725,-24.722042
26.360926,-14.570765
-19.820219,-51.9028
-59.67578,-3.7073019
20.45685,13.656785
-24.662596,0.19695178
17.096458,24.308403
47.588486,15.558769
27.355457,-11.3982115
35.89178,-6.9779315
30.041325,25.4024
-15.479904,-48.107582
-29.595736,-1.2885231
29.502638,8.129047
21.838484,36.81575
-3.8999083,29.936909
5.4915295,28.986027
27.737877,-13.517708
11.452314,11.52203
24.301325,5.7508426
15.607853,22.259388
-13.422339,-8.726887
31.196798,15.240743
17.091856,-16.943378
14.873563,11.43133
44.869858,23.412657
-42.84895,-14.148242
25.578444,-11.582471
44.53187,24.684948
-28.733036,17.74573
34.088474,46.911987
-4.5368013,15.103497
-10.386107,-19.66526
33.822174,43.243107
-3.476257,-49.433693
-4.7748837,-49.993393
-58.022488,-1.9516063
-4.200887,33.900234
-28.697994,18.262053
-21.220295,1.5445645
-37.590508,-15.406326
-2.071623,36.583138
22.354702,13.021446
10.82296,-31.81787
-20.847607,3.7784562
-20.64122,2.4496217
-16.808214,1.2101388
10.712539,28.854418
-13.402205,17.522406
33.72065,-10.444913
-49.408127,-24.07642
15.964847,49.554817
11.87528,27.793156
15.255768,34.124344
-56.852005,-3.6278975
24.40708,46.995953
-45.35441,-31.889233
-60.555386,-3.2348108
-22.82408,-35.866096
64.04402,12.461658
-55.73728,-17.611702
-2.2770834,33.644947
6.8362327,-13.962178
14.690626,32.808537
-23.205328,15.636809
-9.47687,19.422575
9.993712,26.164986
20.967896,48.92616
-25.237032,16.90257
19.98741,24.181606
-14.124393,13.073986
-42.956852,-12.413559
-15.509892,18.60429
-27.614902,20.897211
-9.365188,10.1676445
-47.738564,-29.930754
-57.39171,-2.8609662
-44.36682,-22.755577
-18.282393,-45.31227
-5.521984,46.177948
6.8940043,-14.5584755
-37.02966,2.0551827
-39.22899,-23.528982
-38.006264,-16.772017
-6.3183537,15.01394
-43.229794,-13.622742
-23.046896,-45.302185
24.251348,33.846546
-18.551298,-17.96339
-57.081997,-15.200587
29.524017,49.041187
-10.112841,19.841063
-4.7476907,30.388277
-6.5704217,34.04551
-23.140917,36.33695
-6.0982747,33.668255
2.0653975,12.360205
-7.2933445,-24.115149
28.418726,35.162144
20.93364,49.337917
41.773193,49.693657
-13.086433,28.612568
-37.09032,-23.769571
-25.034168,16.438086
-24.108633,2.4037695
-37.98552,-16.866753
-38.561287,-15.846183
-7.8465877,38.611233
-7.860694,-47.356808
5.0818744,14.422178
-38.995533,-20.178282
-14.053175,-27.97752
-45.200092,-31.858738
5.035629,47.71634
-44.610756,-10.050461
-17.721601,-32.927685
-3.86805,35.065174
-38.331043,-41.88409
-40.99447,34.637554
-16.701988,3.0541162
-14.390577,-18.102375
-8.303947,34.351067
-7.307335,38.69676
4.291633,55.141594
-5.7406564,34.550083
-17.20499,-25.229725
32.18932,47.359653
2.0411184,-4.9065514
-36.805614,-44.678226
-20.91884,-18.348246
7.70306,-15.802442
4.7730856,38.843594
22.036379,50.274685
8.726813,-44.46794
-47.419678,-37.428997
-2.8925328,47.167786
15.611361,52.442806
8.52275,35.467384
25.949108,-10.131658
30.83468,6.0070777
-43.921795,-9.977431
-9.901403,23.560526
23.900776,-15.42272
-8.017945,22.44766
-24.192242,8.385747
25.911345,45.33982
26.659626,-40.29344
-10.475438,29.640114
-9.212028,13.145658
-30.69185,-0.71074283
-17.36454,7.313919
-6.3669786,-49.20692
20.522335,53.61041
-53.408005,-1.8164504
-58.199512,0.24865721
15.246312,49.04632
-38.075634,-21.672052
-9.736498,33.04397
-56.90768,-14.854907
-22.754509,-0.75724655
3.9476962,39.213223
-53.60266,-21.251753
-23.223227,-13.450402
13.16473,-25.733864
-14.177193,13.056753
47.888195,12.903742
47.460377,20.392555
30.44107,-11.2480345
63.28554,6.51841
28.524982,18.834675
-23.98745,8.127931
14.708427,10.754186
-0.04700349,16.5143
7.828403,15.473075
-30.81291,0.6295402
49.40228,19.30913
-27.493263,18.101147
-34.995552,-21.192495
-11.688444,29.936632
0.005329806,-44.760025
-20.974873,-1.1193225
-41.061005,-44.313908
4.4459896,-39.417892
2.575418,-43.51629
-49.628216,22.826801
-23.927347,16.376755
-2.1597488,36.67113
-4.151414,-2.9806616
-40.128086,5.2043366
-58.303444,0.5155398
15.734126,52.927006
20.532158,48.798763
13.007504,11.114152
-5.9042754,11.591818
-1.2937955,32.55916
54.83057,3.8613327
53.198116,5.836683
30.330168,-11.810512
2.905564,41.38683
19.115131,-16.195599
31.49735,27.253021
-54.587803,-31.741112
38.70392,47.373154
19.999249,36.505447
13.147617,-17.471937
21.319387,37.475613
12.88415,46.637672
44.11199,16.822865
-12.038746,21.90554
-14.252417,20.724297
21.17673,49.99557
-59.079185,-18.52553
-9.020396,13.4847145
0.65575117,-12.295461
-56.32182,-2.7584405
-25.585794,3.098142
20.448084,46.40007
-13.91038,16.5868
-37.156837,-16.271246
16.359392,4.368376
-32.94541,-2.1794045
-7.0954585,12.468245
-25.128174,17.27596
16.394756,-17.071877
-38.79386,-24.606516
-31.720337,-46.186043
-44.703247,-18.76124
27.57555,-46.593803
-21.063236,0.38971785
10.002248,-26.99408
27.182926,46.33723
-4.0359197,46.458775
-49.59967,-8.916484
10.697916,-32.69303
-11.529,10.810817
-3.4420018,52.484745
-38.326996,-16.94735
-2.3494272,-0.986668
-0.112925254,31.578436
12.969144,32.60982
7.6658115,-37.487473
-3.785172,46.585922
-15.191751,22.367298
-21.535069,4.898979
12.716177,46.842243
-40.939365,34.782997
-38.338837,34.06558
-43.962578,-13.305083
-5.813039,-10.512545
51.35545,15.346676
0.60978806,50.912018
22.661678,47.74994
15.294017,10.967269
-1.6583924,30.96248
-38.578175,-17.746805
-48.697655,23.861834
-10.171136,32.66073
-8.121642,39.363464
21.572554,33.002747
-10.547628,-26.967628
-24.10944,17.915924
1.8935107,-7.776577
-31.38482,33.747257
56.57173,7.4408674
54.001587,7.499659
49.987217,5.653897
-22.665558,-32.36293
36.84592,-7.9499803
-31.2988,-2.4409552
51.507874,11.625674
25.738306,-11.659582
-26.09906,8.015997
19.28709,-15.238087
-51.315395,-33.09859
55.34097,7.2990417
-14.389666,-42.845917
-26.991701,-3.5421152
30.91593,11.389191
-28.57625,-3.0065687
9.763763,3.6113157
28.628546,19.736732
8.545166,35.25488
2.7325675,8.841777
49.42944,16.045568
-7.0378222,29.764097
-7.0598917,29.898005
48.656075,20.62668
48.78966,12.761396
1.811914,-6.483698
-28.522724,46.876606
29.966316,-7.860013
-41.22933,-44.42246
-42.795918,1.595386
21.525522,36.206795
-42.70824,1.4987152
-54.850838,-31.328058
-24.111557,2.207961
-21.1709,-15.010828
25.667051,32.86402
-17.59114,37.800316
-42.535683,-43.25352
44.792503,18.674833
-14.426852,20.901024
-42.41166,-13.136431
-8.691486,32.621635
-29.339516,-0.7187943
-11.0663805,30.241953
-26.30661,17.06198
-20.684147,4.3700013
4.866699,46.6831
-55.000427,-32.165493
33.384155,28.25228
-13.944404,16.448263
-27.595364,27.190325
-7.928171,11.2095175
-21.293219,-0.47305718
13.837204,39.054066
-61.50603,-24.747143
30.71026,52.60611
21.750685,36.4057
-16.766394,20.948685
-21.981524,-1.815648
-14.27902,20.718208
-9.689119,22.255274
-9.478403,-26.037672
-4.329098,31.491467
11.041819,28.52466
-52.21292,-32.061573
-31.595219,-0.21237633
0.18409391,28.524035
49.14982,20.503305
-14.871588,19.61825
-9.871239,22.704422
25.373196,14.482372
-8.936729,-21.026234
-17.079874,9.552837
-15.905096,18.804825
-13.720276,19.695581
-47.042686,-8.255911
5.5984306,37.420113
-57.302757,-3.56955
-43.382133,-12.842194
-5.858184,-11.371026
-20.98137,-32.54819
-20.843025,35.786747
21.284063,17.158014
-6.845092,35.971104
-27.758636,0.3600895
51.608215,22.081139
-42.612537,-12.469441
-12.747701,15.313634
-23.89332,12.051976
-53.650894,-17.178171
-4.5984898,47.286983
-8.174669,39.329838
-1.0786147,49.074512
44.402718,23.046873
-44.66836,-9.282737
-21.046064,-0.17377235
25.292648,14.679756
-21.965223,-14.744949
-7.276888,-9.368209
1.9203614,18.750029
-23.425747,-45.93943
5.0477552,47.071487
21.471838,35.8067
-58.913998,0.5197549
-44.730316,-11.664773
-16.566013,-47.280617
-4.9213414,46.99693
38.654514,50.435978
-13.007398,21.5308
-39.27588,-43.89237
-56.544373,-2.8574147
-48.71152,22.715633
-13.788974,18.382631
-15.993381,10.311692
-17.410765,-47.8918
-15.874044,10.359945
3.291182,-38.144844
-9.020496,33.448914
-7.669116,-10.156068
-22.034037,16.272678
-23.269121,16.46797
23.00864,-15.838725
-16.004744,21.71537
-0.78782034,32.15872
-21.152544,-49.991787
23.408934,-15.974396
-7.9225197,-12.278264
6.2948914,-14.367092
-35.095085,39.72525
-44.4126,-11.579735
-7.456205,12.813781
-31.037552,-1.551628
-29.590342,11.649394
-20.412685,35.630844
-28.09174,18.612494
-37.545975,-48.777847
-22.270721,-28.282171
-58.944687,-18.450382
-48.753635,22.278599
29.172615,51.73919
25.550789,35.121593
-37.344288,-45.868767
-13.907702,27.634071
-58.542637,-22.66503
-20.080996,7.1763353
-31.850292,-0.34938392
-24.422228,-32.7174
32.165016,52.889946
-23.157986,36.143517
-15.421927,13.918495
-29.862331,31.835318
-1.5006815,2.78393
-39.013252,-42.263035
-38.94342,-15.940299
-31.141968,0.35392278
0.85871017,33.130947
6.1210217,-27.715164
5.7956314,-26.947874
20.372858,49.402954
-55.764698,-13.24864
-12.436887,44.42525
5.351435,44.69146
45.945107,14.476062
11.774328,-27.33992
-40.771633,-21.404823
-28.182386,44.71324
2.0922916,42.47685
-39.52834,-43.542408
5.5961723,15.329185
17.438513,46.322792
9.217948,-25.929882
-36.884827,-48.628784
-13.732818,34.400585
4.315003,40.318317
-7.704623,-20.240866
-1.6864934,-17.28054
-14.699852,28.315617
-15.680895,-17.258904
10.067733,-24.902998
-38.744698,-23.68362
-32.457516,-1.7347035
-13.857061,28.47708
4.8737082,-16.71993
5.2833567,-37.03405
-29.249525,17.980501
-59.650208,-4.0991783
34.949078,54.673683
-1.8944272,-81.74396
18.348959,-14.966062
-21.156319,1.0905434
-10.209347,16.90194
0.06579536,49.442017
37.04599,40.056664
41.234707,41.145275
32.406822,-10.3687105
-2.1368654,25.648693
-16.967453,7.9530425
26.822758,19.388824
20.426159,-27.162245
45.226357,23.52683
62.219208,7.407959
-55.80019,-3.577154
1.1143327,-6.1744847
-46.96029,-37.496872
-17.296337,9.837178
-27.189949,-3.1232357
-19.661594,35.61636
-22.240614,-44.64611
-9.395733,13.0823555
57.755165,10.559505
0.90630597,-7.07712
20.086544,49.363697
40.235477,18.094715
-14.076501,20.69201
-15.266332,15.961664
37.991074,51.067574
-23.9798,16.776154
5.4950323,-5.561046
-54.528557,-0.3751708
-5.781103,27.719915
4.3277664,-33.4331
27.94501,-13.019811
9.754902,27.26882
-24.78252,3.9369323
-5.506766,-19.640888
13.052672,26.40452
-16.34796,17.966536
34.326027,-5.8967767
54.1263,8.121702
2.5044575,21.35546
33.498802,-8.369003
27.722542,-11.685839
-9.106052,23.70248
10.687541,34.139988
-58.46214,-5.177682
-39.009808,-25.26896
-3.176419,-15.014173
-28.843672,3.739952
-23.977364,8.375945
14.313175,11.873304
-26.52882,-2.2368052
-29.108044,17.98458
22.312408,18.419487
33.721325,43.934658
-24.37526,-32.583275
21.911682,16.291065
6.66019,-29.035772
25.437407,44.08378
-17.652996,22.20667
51.458755,18.36168
13.209455,12.825826
3.9316628,28.990555
-24.797382,3.4493098
-53.05118,-31.740295
-40.62559,29.501173
-27.553392,27.264893
-7.2604547,46.704185
-17.872639,-24.160769
-28.143324,0.33404595
4.959811,55.666763
-16.917953,21.34439
-19.444752,38.917538
-5.706475,-22.116055
20.475994,17.762953
2.9227724,-44.548805
-12.426679,45.057274
-39.70989,-14.953564
-55.37259,-15.791996
5.12654,44.265213
31.2056,16.532833
-42.279606,-13.312194
-60.598007,-0.7345411
-38.30101,-41.470425
-15.697668,27.459253
-22.057686,47.8095
-56.227142,-13.191981
-12.66759,44.14287
-53.09204,-1.0601285
-31.604458,-1.5192486
6.6977043,-36.38032
-11.537321,31.453497
-19.270094,34.432873
-3.296745,-1.935277
5.230079,53.152485
-15.920046,38.09631
-8.2309675,41.401608
11.024261,26.62369
-41.375645,-40.540363
41.530552,49.405235
-6.1211486,45.444576
-7.0412135,15.845911
8.366734,-29.402376
-10.978241,44.03333
27.557539,45.944313
-13.521224,-53.264744
-50.75353,11.67127
-23.242147,35.919792
-49.364292,24.638048
-52.819645,-19.541222
42.606087,49.74404
-23.884165,12.1244135
-32.893967,53.98492
-33.51552,31.133055
-47.761425,-36.001797
-21.695793,35.48579
-56.586555,-13.623386
-5.6257353,35.804928
24.062107,20.359663
7.4987054,-35.69748
-37.495445,-1.8729382
26.081911,-10.562599
-12.116056,7.2710896
4.669441,54.468067
17.99259,9.223507
-53.442493,0.6673541
-47.015526,-35.39735
13.100063,-26.761272
16.785952,22.447718
48.23111,15.623133
35.864773,47.518177
26.994131,-14.169148
22.52302,10.317241
9.509315,36.50171
-15.919384,22.096334
13.116304,18.31455
-51.289917,-31.80945
2.4168599,42.160637
-9.746813,22.18589
28.346996,-12.815708
-27.441713,-3.2917461
-60.143246,0.091475695
-12.851849,7.694211
-4.9055505,15.278257
-16.171106,-47.916004
20.599457,53.127354
-8.99754,-24.302547
-16.174881,27.106516
23.95806,20.416243
-37.46338,-21.206778
15.51686,34.693546
-51.012424,-31.735302
-36.72028,-45.665276
-21.461948,-14.970379
17.26521,49.60052
30.033302,52.503178
18.267344,12.329511
-53.25674,-1.3307872
-39.343143,-18.67054
-57.886227,-21.052904
-34.497322,-47.567566
-2.3345585,48.68482
12.868655,-25.638002
-42.1298,-41.988792
16.958155,22.946241
-46.09989,-6.0986714
-48.97347,24.103899
-5.474021,35.853943
15.62114,53.288353
-36.636616,9.38103
-55.290585,-15.488402
-58.968517,-18.802135
0.786285,20.864084
-10.24756,33.501747
0.3750886,49.03545
31.484474,27.751627
-2.50061,47.403828
-15.7321415,23.734545
-4.9326744,49.724678
47.834877,13.52641
35.1682,-6.0456557
2.061045,18.808748
4.491675,47.45256
-32.723988,3.618146
-3.1328907,-11.134573
3.2127976,20.184902
-54.545776,-31.363691
16.588736,17.99272
-24.346272,3.9095008
-9.141757,39.345932
-25.922853,-45.319206
51.7843,20.533436
-18.51897,-47.021755
-2.744082,54.64216
-56.89784,-4.352796
-56.139305,-3.4273775
-40.211563,-15.144861
23.93966,20.965054
-41.011246,-22.691494
13.697994,12.499672
19.826399,47.971325
-53.724632,-2.1647093
0.9416563,-33.598026
-19.738054,7.45367
-53.12677,-2.354514
-34.99744,24.119778
11.793856,26.223465
-9.87832,-45.537148
-38.880074,-16.17931
32.45784,23.638426
-30.958363,33.986393
-52.65572,-18.452623
-44.244938,-21.571726
12.935344,-28.193035
-4.648942,25.695723
-45.774204,28.4436
0.058892775,31.628412
-13.039471,44.47802
-52.731335,-19.876457
-6.945473,36.038647
22.53974,47.13138
-6.6189003,12.449779
-58.721333,-18.206713
-27.492504,28.086452
3.5233102,-43.65307
33.546623,47.16102
-50.900074,-24.242723
16.57719,18.191479
-19.085726,38.598938
-4.958154,36.29223
-48.61537,-31.992357
12.045384,-27.001932
-11.795309,-46.752262
-54.050182,-0.3743911
-32.018154,4.647025
-29.743557,18.510082
36.612595,-7.332657
54.452957,3.264522
-28.904915,2.0323048
7.712043,35.361862
53.3483,6.131
32.106743,23.146152
56.41727,7.6933384
55.370136,5.8626633
19.110914,-14.289191
-48.99407,21.75407
36.767307,40.67719
-8.9374895,40.187107
58.973053,11.105314
-17.01545,24.381971
4.399776,46.469845
-24.279366,2.6749742
21.52069,9.917303
-30.56377,28.890228
28.71082,-11.745406
0.62818044,21.007683
18.492994,16.404587
-7.5914497,28.351871
7.7653537,35.471897
20.402832,10.167398
-58.507816,-5.4752145
-58.220768,-5.069521
37.776585,47.403976
-33.56762,25.219673
-26.31753,2.8994503
10.1371155,-10.880327
-16.813154,9.566645
-14.427605,17.855768
-5.658359,46.14821
-28.203354,27.841303
-22.811237,-0.12957595
12.699838,23.332233
-17.369062,22.242458
47.84838,16.619898
-21.11437,-44.592667
-7.51885,47.339462
40.56409,48.04002
-41.71692,-13.415879
12.269449,25.612122
-12.941044,21.153692
-46.90039,9.691927
-55.103886,-20.385942
16.324896,18.629362
-5.3531322,49.83267
48.35604,20.490007
-57.63337,-13.745283
-23.943895,12.052812
13.987292,11.497146
-11.757805,39.274616
-18.988623,28.19923
-3.6271708,53.069122
-8.684919,-2.5912316
-50.47411,-14.582201
-23.812782,-46.83389
-16.090248,16.159758
20.965347,35.41793
-3.2646775,-14.752458
-1.1613694,55.806767
33.04447,45.588432
-54.9838,-2.8774457
-47.47118,19.259481
-59.381405,-7.808665
-54.00628,-19.989647
1.0562453,-44.70446
-56.21971,-15.053292
-20.577446,14.381095
-11.580208,32.280342
-57.16747,2.4648025
26.850466,34.05225
-5.6344132,15.383727
-41.73423,-17.372793
27.386465,33.739864
-11.984451,31.033005
-17.750677,9.71848
0.06466392,32.496147
-21.498814,-45.036846
-2.7804797,-48.58751
-48.91557,31.600885
-58.656506,-19.679232
6.5237503,-6.993249
4.9094434,24.096008
-15.804614,38.130737
-53.3498,1.0458076
4.1139693,-42.82795
-13.029879,-28.562534
4.289936,40.19242
4.2005935,40.130108
-38.260365,-46.698837
-54.461502,-11.656764
-54.76611,-16.20378
-10.603064,-47.132328
23.34405,36.29684
-16.331553,23.328825
49.32404,21.935831
-11.101128,43.831066
-9.027013,40.23276
-48.509785,23.834085
-54.63364,-15.156788
-54.986416,-16.945566
3.6276784,-39.663593
-19.039637,-48.16797
-16.085682,-27.27417
10.509666,23.37584
-40.64736,8.264319
-43.72257,-8.538464
-56.081264,-14.731479
-15.818991,23.322601
-36.089367,30.588032
-48.21519,-18.105673
-4.8278494,47.805317
4.683391,-3.7091763
9.527777,20.52969
-24.40923,17.747221
33.19566,42.552143
-8.163119,-25.427288
-17.04678,1.0403107
-27.173998,31.47934
42.139652,49.683422
-14.548323,40.745296
-48.586323,-24.50552
-3.0466993,-3.2441416
-14.445016,39.123142
-7.060149,-28.64543
-1.7663372,-1.2299477
35.61411,35.332844
-38.798946,30.325745
-13.077859,46.64795
-21.574013,35.434685
-30.874983,11.247768
0.17708075,-34.75482
-45.451595,15.843655
-20.049074,14.403748
-54.82125,-15.569739
-20.808855,15.328061
-32.378876,-3.6858923
-51.29044,-31.754114
-46.6146,17.991743
-53.01743,0.47486955
12.554337,44.154224
-58.91663,0.4669134
27.381052,7.318842
-27.59197,-38.55165
-33.586433,44.856213
-8.285159,47.0856
-30.531,-43.26003
21.11407,18.048235
10.036918,33.596447
28.40487,19.248602
-23.148321,47.595375
-37.219467,-2.27937
33.16054,25.110792
23.692467,50.374588
55.525433,6.5833783
48.559475,1.5094798
54.617245,4.2955613
19.106617,-14.096289
-15.041503,-46.152615
31.997879,28.552794
1.2773305,21.220512
-28.51936,-2.9472568
-6.8219457,28.158989
10.989526,35.297215
-28.664877,1.6581225
0.03637468,-6.504596
-20.570631,37.547356
-21.73614,-29.923635
-7.068494,21.969584
-1.5329978,-45.009457
-23.422342,43.870125
-52.56564,-0.41013128
-52.908924,-19.143215
-40.989693,-22.248894
-20.727385,-29.357735
-52.41838,-31.684092
-16.980505,15.811282
-44.93852,-6.200967
-9.407729,-46.30631
-12.092243,33.11061
-8.412948,-48.68149
30.02895,52.349
3.9299605,-29.146847
-55.626244,-15.221415
-56.58748,-20.52493
3.219678,-1.4701692
-56.791325,2.910633
-56.57932,2.3953483
-22.63275,48.22079
21.677223,48.951435
-55.38417,1.3882492
-19.075624,28.382376
-7.91594,-8.239286
-23.10031,-45.00962
15.311705,53.83755
2.5562716,-44.91628
-1.243112,40.098633
31.407393,53.844345
-6.493817,-20.077772
16.275854,40.402206
-8.71417,47.072716
6.680832,-28.491
29.040749,52.659176
-56.917454,-23.96979
-38.004128,36.992516
33.59826,24.769629
1.6723151,18.836552
-23.862606,41.54352
-55.585922,-12.437272
-6.318257,48.22408
6.6583157,17.037872
9.942742,-33.47674
33.471718,43.746822
-0.034458272,50.543854
-7.0653157,14.753699
8.777961,36.608906
-51.93751,-18.147041
-45.016632,-23.37501
57.00846,8.643647
44.139202,25.143942
-5.3933773,25.68476
-28.487349,1.8579663
1.7630652,42.3005
-61.56566,-8.571629
-20.533197,38.27942
9.575127,19.384674
-38.440468,17.363852
18.389435,17.512678
-37.90305,2.1842186
-59.385357,-0.37873274
19.698727,13.091043
25.009659,17.334093
-20.168854,-45.201733
-10.083282,52.52789
-40.641403,-41.358414
-48.13262,10.10912
-33.41929,0.3487329
-60.74207,-0.7370813
-61.639492,-2.31289
25.77537,32.84846
51.631813,18.920855
9.8181,24.227068
-33.833595,11.504371
-60.744633,-1.4442481
-47.597485,23.668272
26.919502,44.588863
-17.799765,27.644684
-56.994213,3.472757
50.14237,22.122993
-2.3140955,-44.414104
-47.668377,21.5978
-52.646793,-0.5418863
-10.326624,-12.483726
-40.067623,-13.975085
-19.20916,-43.22324
-35.28281,5.5635304
-15.565271,9.633467
-5.9351244,47.50901
1.515012,-6.8501124
-40.135483,-13.744602
2.4715512,-29.637856
-19.638557,14.020175
-55.258698,-16.12056
-7.167441,42.626
48.341625,21.480043
-57.82415,-17.476719
-15.404677,42.74334
12.57436,-25.485928
-56.689526,-19.66046
-11.47222,8.835982
-10.382233,34.818775
14.510202,11.972168
21.311274,-21.42964
-17.839912,-29.831486
-16.646336,15.830663
-33.547333,43.301876
-8.602271,44.072083
2.2394054,-31.93536
4.655923,54.878986
-20.717907,25.346933
-30.543283,45.998623
-17.384981,24.434351
-6.929489,29.140825
-42.027763,-10.898316
-29.297752,36.081978
15.527622,18.591452
28.303688,45.80088
15.047449,45.05661
-30.542229,43.761856
-53.707035,1.0920229
-7.0500016,13.774412
-16.025948,29.38215
-41.529076,35.68651
24.34301,48.442932
-9.876194,38.851738
54.720654,4.7370543
55.094345,4.924238
33.605724,-6.013092
-47.621983,36.80696
-24.859634,-1.0392174
3.9457793,43.04607
-35.033882,17.545351
4.8500376,27.05809
18.565626,12.7864685
4.47666,28.678207
4.239894,29.107023
-8.17547,22.648832
12.300434,13.234176
-36.614697,9.487693
33.55751,42.76826
-10.492695,21.609303
20.09269,13.724182
-3.764564,41.90364
-17.175331,41.199406
-51.254524,-23.99246
18.690481,13.030162
36.124996,47.55529
-33.32458,28.648481
-57.702065,-5.2509127
-38.458088,-9.032027
-52.573383,-17.648321
-47.621143,11.458665
-22.114513,-9.40383
1.4963083,50.552082
-48.997498,26.828058
56.50341,8.033356
-2.4858377,48.20582
-4.386009,-14.799826
-40.747555,-10.409524
-47.208935,22.903801
2.5842054,19.595013
0.24844606,-1.8418006
3.9653158,41.750484
-16.620869,20.147573
23.257286,11.025119
-29.450727,-33.89754
9.197507,27.037384
1.8085346,-41.49504
-56.75621,3.356037
-50.24062,-0.18048434
16.553009,12.532816
-15.199261,-30.038467
-47.22183,-7.114588
-4.7337537,-13.602739
8.463272,-27.023697
-8.597888,41.984653
-4.3852296,-15.137156
32.7609,44.09116
-48.714165,-30.281303
41.998203,17.603321
15.993794,32.41097
-38.88613,18.310677
-6.0624304,13.836599
-1.2359757,24.604387
-20.886557,-41.3743
-50.25202,-2.226312
-55.686657,9.376435
9.479676,-26.171993
-12.154191,32.842102
-39.850475,-42.710464
-43.943348,-5.4055057
-40.982758,-21.600973
-15.294913,43.12663
9.972114,-29.43134
9.27619,33.777893
-47.096752,24.689396
-33.47211,42.37189
-31.26676,10.992388
8.372199,53.79316
6.759324,-36.49144
-16.141169,13.791524
-5.201401,50.475452
-44.880596,8.215036
-33.86839,43.12202
-15.305851,43.08054
-13.673003,45.872227
-36.790855,7.144085
-0.39320135,-7.3891053
-46.111958,8.663074
-9.789811,-28.874989
1.223423,43.301117
20.778755,46.481506
-42.1197,-17.92321
-19.496592,-33.634064
-32.432743,11.126834
-2.5015464,55.318707
-39.578835,-43.051674
-4.249154,41.958664
-12.754384,29.405647
-31.252937,29.672058
-43.49609,-24.308706
-31.29363,1.9131441
48.33695,21.416765
-11.048483,23.071695
-2.7576642,54.775906
-40.92901,-10.195491
14.4487505,43.167767
26.516676,19.32838
70.38752,4.3818126
21.67931,9.354306
39.03026,48.240597
3.7455964,-32.97835
10.966192,2.9781346
16.924324,23.93446
-34.99102,18.494905
2.0429783,50.39967
13.865692,22.409092
-47.73632,-37.476257
-20.537424,38.605873
-8.514582,-24.248936
15.977956,14.202971
12.012154,20.128574
0.19133963,51.329327
-0.02784051,16.51422
-14.509836,8.254706
-39.01355,28.32553
-22.87678,48.865253
-57.641087,-23.00246
-48.334,9.022455
28.348248,51.9979
-46.827427,-6.218059
13.101751,23.187923
37.716446,47.46298
-57.76676,0.091842495
-57.906208,0.58640206
-35.910156,17.953062
-53.149506,-15.734704
-30.602394,34.671482
2.088519,50.52572
3.7364,-27.924343
15.352566,14.883846
-56.80691,2.529275
4.6704826,54.573162
0.108602025,57.254868
4.6704965,42.58006
-17.857328,-45.55633
-15.327363,44.68902
9.63871,20.402122
-14.619001,-21.065435
-51.92369,-10.961562
-10.5511675,34.770924
-2.1379092,-11.757009
-20.403717,28.533546
3.585801,-7.8966537
28.16825,-12.554058
-10.511557,52.396248
-15.20786,9.756039
6.249297,-4.0524573
38.072937,50.879612
-47.6784,20.608326
-5.612418,-25.828684
12.313407,-32.27768
44.997963,23.935587
68.3668,2.215146
-49.772667,-1.7903978
2.6206205,-39.006054
-30.710806,49.642204
9.445815,-3.0686698
-43.988514,-21.3818
28.430943,52.194965
2.2184584,21.557697
47.98951,13.347429
-36.776295,-4.4239883
27.853203,7.4247518
-6.364381,24.830969
-26.073746,-0.66859096
21.934406,9.877345
-34.228207,2.5557728
28.482346,-11.9325075
-28.86534,1.2124629
-20.79924,25.633171
-1.4334999,45.32864
36.476017,48.055626
-36.18761,18.523697
31.067768,-9.820407
-13.890387,6.9017935
-14.6104965,7.6611843
-36.334026,30.842455
31.487074,48.925194
9.01265,36.595776
-50.075127,31.547981
-5.528813,15.316212
-13.971045,7.3095818
-14.627456,10.070982
-12.407642,7.898284
-59.42944,0.51579756
20.204304,10.253114
-19.397596,29.309927
-40.40059,-14.611817
-38.848858,29.243404
6.889052,51.924255
-34.585693,0.5722124
-39.310703,18.59554
-11.930443,39.216316
-41.368004,14.491753
-59.077435,-15.781523
-41.496693,-11.359505
-39.586235,18.331184
-36.262096,29.50341
31.54976,-21.823597
-30.248888,34.571922
-19.570238,8.811752
-12.050111,32.839252
-16.87729,-47.241962
-19.033241,9.70189
-20.97056,29.113104
14.229393,-25.031046
-44.237495,-21.123482
0.5875256,-6.332235
-38.387177,38.49277
-49.61698,-14.00112
2.2477431,40.33768
6.692324,-37.392124
-8.506593,-25.097897
-4.3215094,41.913086
-2.6045153,-46.889023
-4.236445,11.987289
-12.415296,7.9994764
-46.84114,24.146889
-13.575853,28.238169
6.9099674,51.98975
-56.979046,3.8282928
-38.84238,42.636173
-56.82728,-6.723309
-4.123111,-51.28079
-32.64728,29.032873
-47.6666,19.039145
-28.126549,52.517372
7.0245967,18.140278
-0.3157944,-7.2753797
-37.954124,2.0618246
-38.50942,38.045975
-47.00545,21.760715
7.112921,17.518236
-7.4743323,-9.578131
-8.262674,-49.683727
-12.592944,39.901253
-57.269314,-12.138871
3.364608,-39.506546
-61.081127,-24.666237
-35.71237,0.008162671
-16.110186,13.776077
-18.622387,-21.158834
50.681026,21.591558
-16.892433,-20.817436
-40.898438,1.6704147
-2.9152048,54.799835
-26.477236,49.33598
-10.273359,-46.987453
-39.94036,29.2551
-39.05396,18.499456
-58.55552,-23.096992
-8.845586,42.813778
-24.610989,-45.722115
-3.9132972,49.624752
-25.832304,37.715984
-56.71392,9.4141245
-2.0644438,1.1144761
4.694032,-8.66326
-46.37193,-5.279239
-47.63737,29.968493
14.055827,23.990091
27.684614,52.195522
-35.00826,23.867418
-2.6089149,2.60001
-47.891285,-30.330305
13.9123125,43.242947
-50.155056,-13.998945
-11.215587,33.729088
-20.202234,14.410045
-44.045383,28.257414
5.6464915,-38.941856
-47.13471,-6.5209227
16.034847,40.539684
-12.365199,19.298723
32.521656,54.44989
-37.10175,6.9561825
-28.229418,33.699345
-44.805626,14.708149
3.6341424,-36.21818
-18.440163,-33.676865
-16.666185,25.296808
5.4434743,-26.748236
-56.43399,-16.291182
-43.968822,-6.1151385
2.338123,4.854346
-35.92859,1.1110536
-7.461031,-12.09751
8.244218,-42.708977
-10.734885,-28.733076
-11.062957,34.785233
-4.3019137,25.405697
-0.6003387,-44.870876
-43.16712,23.12409
-11.681519,-12.843216
-44.71948,6.4489
-6.83467,-6.343229
-28.897142,-33.249626
-6.938755,-18.945456
-1.7828132,40.214245
-29.600952,7.016212
-39.901344,-42.928207
-20.867052,-34.326828
-56.71765,-6.9268723
-24.810081,-34.346733
-14.971233,-20.695738
-41.123543,-18.705359
-47.65741,32.93234
-42.458565,-39.06008
-31.134754,-1.332618
-14.858997,-27.290697
2.104018,-44.676727
-9.0167055,-24.030766
-48.79958,-31.456963
6.930989,-26.803612
6.099312,-46.322903
-4.212925,24.433332
-47.40773,33.23515
-29.893002,-39.733868
-57.082863,-23.614304
-0.42365536,-2.0990982
-21.122705,-35.768154
5.754228,43.272583
-51.04514,-12.140497
-50.13244,30.60918
-25.890566,30.769524
28.092573,52.79468
-35.73764,18.184374
-48.08707,-36.383884
9.688085,33.8139
-29.644127,7.0116854
0.40208834,54.02584
-53.446198,-19.189768
-52.24706,-28.13659
33.376793,48.506233
2.4126472,49.957897
-47.846024,10.916188
-45.18002,8.842223
2.5022476,-35.963516
-49.660954,-25.542961
15.194234,45.96466
8.258532,53.704887
0.00014213973,-39.49389
36.793537,49.77744
51.572075,18.507832
-40.0504,36.651886
-26.450926,33.96071
36.992485,48.186752
10.712732,35.10815
-36.33321,2.0718756
-23.615463,45.88358
-8.998344,47.939693
-8.4924555,47.966652
-13.734811,7.4162416
-0.36798167,51.91371
23.870308,15.906698
-50.555008,-28.998795
-38.498466,30.461704
4.5201297,42.283634
-3.2454474,35.419224
16.133512,29.205671
-58.825447,-16.338062
-3.4572842,-49.263996
6.3365493,43.61982
-2.744834,-0.8751535
-20.043879,-16.731321
-9.447541,41.817814
-46.67941,23.516228
-57.003178,9.642839
-3.0208976,-0.98888785
-40.905327,6.441582
-46.828983,16.837238
-40.62261,-10.143238
0.94830704,-47.11341
-5.1693654,1.5781611
38.774063,37.74446
-49.07459,32.42967
35.19644,54.512493
-3.0278802,27.36422
-48.24737,-2.6962082
5.1231246,43.03701
14.609448,54.71968
-54.978184,11.467598
5.343565,42.46492
-51.99854,-18.886242
-12.813475,-7.8690057
-6.06162,-21.363377
-40.063038,12.704102
36.294827,-8.228268
-21.748924,-29.290411
-36.788605,4.6295695
-8.435686,52.766693
20.51126,53.67718
27.38839,-35.70428
-24.75499,-11.546143
-37.353966,-2.6186972
-31.940474,30.11184
3.6292264,30.261545
-7.237668,49.3703
-50.083435,-2.5421681
-49.798424,-1.9060574
8.133033,-45.4297
-10.724218,-8.7649555
-7.6243033,48.01477
10.245304,17.519749
-37.96519,-41.551468
-7.775999,-24.24786
5.609046,42.02202
-11.000798,47.476364
28.694984,46.20508
-26.962276,31.25231
-7.6817985,51.333992
16.241472,43.80064
-6.942867,51.71912
32.333042,48.91058
34.667175,48.8571
-9.786291,-7.175645
-41.65827,-22.631216
63.847553,12.164843
-34.00241,24.454102
51.54058,20.556505
-46.042374,-16.90094
40.978107,40.75699
-8.112556,22.732496
14.351616,21.845823
16.87104,18.036999
22.664192,19.986786
-18.434372,-47.316536
5.850973,28.799143
-23.848204,44.334293
12.173366,-29.27616
10.247187,17.949287
-7.77258,-50.61746
-14.757877,9.349081
-55.667595,1.9586878
-3.6806927,-37.46524
-23.167269,47.74743
26.650648,43.36111
-14.2994995,39.599457
-52.86136,4.432728
-15.993329,45.53799
-50.29972,32.714916
-51.376877,-9.771991
19.529402,18.409431
-49.049202,12.48462
-10.944461,40.636436
-12.22497,31.836159
3.3736262,-7.2386966
-18.994043,-9.773525
20.626955,15.910724
-33.43209,-37.99549
-46.984936,29.219875
-44.2099,-6.7744718
-48.005344,-29.638676
-21.012495,-33.83268
-36.22464,1.2022929
23.717657,47.361088
-38.273582,34.169453
-5.9498105,51.243618
-1.2988558,24.637253
-57.27419,8.395589
7.8047485,-35.640682
-29.453026,34.996532
-18.800753,40.902706
-11.713728,-6.4945307
-25.680117,40.860203
-53.094845,-20.232307
-23.354774,-12.054016
13.246655,22.044052
-15.305682,31.061863
-46.75188,-4.371124
35.234245,54.542393
10.235868,-29.957022
1.3133116,-30.199757
-47.038746,29.502636
-11.378546,-28.842043
-42.724754,22.906183
-35.85075,1.6896948
22.985847,46.62925
-18.645678,30.911762
-6.1143427,-21.37864
-41.18774,-18.784048
4.351293,55.775314
-24.002169,15.361129
-10.630916,35.784035
-20.20138,-51.83534
-31.0455,-41.43748
-11.691276,-6.287079
-1.511967,22.143764
-40.145477,19.912563
-17.25605,-28.47572
-24.80795,15.23081
-48.459404,-37.44797
1.0190037,21.299408
-2.1550763,-1.6670548
-38.99096,28.694777
-2.6259007,22.748829
-36.423065,34.9682
-49.835674,0.50930154
-31.857637,31.887728
-44.709633,-5.9844933
-21.664373,25.110426
-25.709806,41.34345
-51.259483,-18.766493
-28.494648,-47.167896
-17.440144,30.386482
-50.65782,-0.70608926
13.872056,-27.600624
2.0615916,-36.376827
-34.40731,5.64935
-39.911793,11.583072
-12.768343,38.9834
-35.83752,17.250862
32.476383,53.929707
-38.057693,40.408737
-15.755945,-26.090641
8.51974,22.958494
0.82304317,31.060509
-29.141731,33.744446
-31.622019,-35.735485
34.70478,-5.871178
-33.91415,-0.9193434
10.138496,33.996983
62.649887,11.893208
-32.538124,4.8261685
20.563082,18.020433
8.604494,37.026077
27.773836,7.416469
-20.005383,-44.118027
10.802652,34.85855
-32.688385,11.837907
4.1332,7.0671973
-20.103067,26.041996
-34.91175,29.35854
3.7047148,30.156584
-28.167107,30.911762
-9.026485,43.595737
9.998314,34.24837
-52.642647,-15.76374
1.6067021,9.082679
-26.242495,-12.637701
-56.53224,-21.90747
-50.705456,16.15045
1.5168322,5.797922
8.371461,20.960676
-47.769634,18.1476
-51.585426,8.784549
-48.58344,-32.332645
-27.326248,30.180714
-21.638111,29.387804
-32.708946,1.0757936
-12.441607,49.129055
-32.383778,39.414097
33.7186,48.317543
-49.123173,-4.4682655
-3.7666657,25.165096
2.1523342,-40.326847
-34.64656,-44.30353
-54.394184,5.7464843
-15.611991,45.370842
38.312927,48.94866
-31.426825,11.0133095
-46.78592,8.883276
-10.809316,-14.230979
-43.532043,18.997377
-46.532246,9.065275
7.980339,24.0359
-8.481264,-20.573418
-45.675594,-19.820415
-51.553722,-18.831005
-7.561251,49.18589
-19.264347,28.735895
-23.378736,36.73111
-38.241688,17.113533
-44.04291,-5.979264
-35.33834,-47.94444
-26.00493,38.471684
-16.46563,-20.6415
-31.019735,6.915995
-29.041235,53.674747
-28.188675,43.41894
-16.719938,30.370552
34.214714,49.57301
-16.291115,29.919106
0.75143707,-2.1973088
9.369303,21.161865
-12.365732,-52.434788
-51.605568,-29.499687
-58.603497,6.0318956
5.1394076,-48.572582
-2.930393,46.605476
-43.908955,27.933239
8.010965,21.976345
-8.762402,17.007084
6.713302,-44.418346
-39.86298,5.771249
16.469755,44.83991
-5.003238,-3.7922359
-31.026468,6.685243
-19.477688,9.335818
1.5380069,55.59649
12.589317,-24.740822
-20.49642,-32.58014
2.9685075,52.294277
33.12621,-6.4510818
-57.63975,5.542327
5.7611523,29.753786
-20.70218,40.64201
-18.968613,28.582253
-24.13307,40.79249
-19.103245,29.235449
-32.959408,42.101223
-57.967167,-11.612355
-5.2563725,51.305798
-30.155863,-34.39268
16.95184,40.674736
9.967133,19.306087
-28.626148,31.697008
-30.326033,49.122757
-11.792571,42.339226
-45.029903,27.993555
1.5339085,-29.975248
-23.3806,46.678013
-40.072178,12.611443
-3.8980715,3.47159
50.76818,19.356472
2.5855198,49.431015
-33.132984,42.249126
-42.90012,36.939083
-39.90475,32.237797
25.918331,18.696613
27.637928,21.373327
8.7286415,36.937675
4.8176208,26.740992
35.069897,25.25011
-0.43703243,52.420776
32.02534,46.61512
-33.04676,28.1421
6.3356295,-35.749317
-25.772501,44.505802
49.794647,21.235226
-56.49825,-5.3098793
-14.936804,9.144416
12.563202,22.93762
28.153767,52.496105
1.354595,-42.25065
-31.341856,29.640331
-6.6881304,29.545475
-56.67904,-21.679966
-12.326297,39.35254
-47.38273,29.17387
-29.63484,2.7731915
-33.10057,27.465065
-48.936493,-5.7781296
2.4150317,51.243484
-51.65584,-10.176501
-41.51773,23.538755
-26.83448,-12.696719
14.046491,39.52955
-44.93343,18.403666
-40.40877,23.672926
-19.805586,-27.49311
-26.364645,41.927803
-33.016685,31.562187
-52.876453,-16.106709
-35.417137,35.025845
4.1111956,-39.95968
-16.747383,-26.935173
-10.329036,42.468395
-49.682377,-4.4918113
-0.37569028,-38.256508
-44.20637,27.64096
10.716257,-37.825603
-46.30823,28.80752
-47.311058,16.22069
-4.200642,-49.33136
29.135408,46.85569
-45.617207,18.170914
-18.696642,39.706757
0.53810656,-37.840935
-47.940765,-17.974518
-51.3999,-17.716509
11.493368,-31.196388
-37.41218,17.680586
-48.418743,-6.876219
-41.265408,10.614738
6.200491,-35.43011
-11.188579,39.610813
-58.084286,-17.06609
25.61211,48.382057
-35.10683,10.375815
-31.695967,-3.1321146
-19.14131,-28.717781
-51.077927,-1.6481804
-37.502506,18.48959
-50.487278,-28.402311
41.445942,49.566067
-38.676407,34.675278
-3.6303964,49.99688
-56.528324,4.7508316
-26.49169,41.796944
-19.62887,-35.382317
-3.194695,56.07316
-17.16247,-28.258625
-23.932734,40.695812
-32.76059,53.401432
-7.925309,22.72038
12.8261595,44.020496
-52.086445,-20.6741
8.927189,-3.4201987
-38.888237,30.084705
-32.787586,-37.547737
32.680542,25.185438
1.2795235,43.716297
-0.38186926,-2.1012948
0.5991966,-34.487053
18.598032,11.334903
-28.123016,46.90689
-0.31413707,24.639446
0.61596274,-46.546085
-40.068832,-41.87742
-0.8966656,-37.292553
-54.17647,5.01014
-43.499706,19.273474
0.4633096,52.647797
-17.774431,-47.89566
-33.132057,10.9773
1.7045628,11.649134
-40.095165,-9.7102785
31.807447,48.661823
7.079551,-45.800217
-35.209885,1.1682448
-17.959024,-33.82083
-16.11525,-9.127425
-10.352106,-2.6756086
-11.308102,-18.791422
-0.02863729,-38.327984
-11.85511,34.688892
-32.115044,43.97562
13.7397785,-24.430058
11.667922,15.449213
30.69095,-8.181789
22.271898,17.245909
-46.803905,8.310611
16.635534,12.514659
31.596743,-9.716882
12.722869,6.8879256
-33.49596,28.023178
-26.9873,54.93578
-29.20317,-4.7445745
-2.968592,42.340405
-18.90608,41.159523
-58.888027,-10.619045
4.497581,29.297606
-6.7218776,50.06662
-61.717102,-8.36343
3.4612901,55.54289
49.76053,22.035583
-61.6597,-8.423139
49.79197,20.244473
-5.550739,13.775446
-33.00722,31.434082
4.747128,26.640615
8.60327,20.63216
-21.04964,-49.684155
-25.740833,42.460754
-21.517097,-28.474314
-2.47545,41.546543
-4.2524924,42.287956
-51.642467,8.458312
7.3928275,53.452156
7.4079967,-35.695686
-14.944714,7.8243213
21.349112,-22.673677
-0.045817267,-7.0493994
12.266482,19.740633
27.494236,52.877422
-45.584923,21.478123
-50.93904,-12.202419
36.361694,-8.231351
12.862782,6.9427395
-58.085125,-11.820668
-28.300291,46.866463
19.785028,18.533962
-23.61094,-44.94182
-4.0423403,56.016895
-53.270115,9.255876
-40.485867,5.5763364
-20.17789,40.242905
-43.682617,-6.434557
-59.264416,-10.87472
-29.115345,32.92004
8.516544,18.368025
-11.407607,32.790802
15.346242,54.00598
-57.71215,-20.69893
-9.752866,-13.893038
-52.671043,14.664203
-13.879817,-53.234043
-37.042637,7.582386
2.4597907,-44.998875
-45.711163,25.34826
-21.586786,39.881535
-50.720303,-29.086132
-10.584245,40.607822
-32.152912,11.715767
-10.456912,-8.201052
-33.793335,12.091008
36.018353,45.527836
-49.695267,16.915392
16.89988,18.873951
-18.862087,-31.232233
-27.924427,-13.002986
-15.733389,46.304386
-8.863865,45.63677
-17.049799,45.166004
-54.22145,-26.018759
-30.965698,41.31894
-13.689712,34.247635
-45.81817,15.6043825
-12.3029,35.142265
10.995087,19.476995
-33.080547,1.103546
-12.980752,42.02897
-43.447453,32.131912
-46.67706,15.841341
-34.681637,33.89909
-43.235832,6.885784
-51.820026,-21.073101
-42.712322,31.84487
-34.89145,1.2351755
14.708636,45.484573
3.5460799,-28.025797
-49.338825,26.397583
-38.63359,37.923935
0.917992,-46.73705
-16.167097,-28.68994
-48.360134,-29.451004
19.414452,10.851477
-52.080048,14.552264
-28.486248,-47.30729
-49.26801,-31.719315
-1.0542583,24.079773
2.3236845,-45.08199
-18.888187,-24.500557
-37.87048,-45.92983
-14.662474,-9.428699
-1.1523829,22.3378
-45.52589,-41.49864
10.7630625,-37.882797
-18.75283,-45.59289
-48.14252,-36.168934
-30.653318,-40.97004
-8.431476,42.751564
-2.1882617,-78.2275
0.15395075,-79.16482
-47.913696,-35.469982
-33.568657,-46.073574
-2.103711,1.3038608
-31.550716,42.985703
-1.2031839,56.174885
-25.6744,31.7359
-14.208776,10.069763
-11.473048,-16.042753
-2.422772,50.221848
-7.326176,27.888044
-10.004684,-13.832004
-40.124603,0.43398577
-44.88024,16.202112
-26.12587,44.92641
-15.692727,8.958107
-22.006178,-36.6049
-51.1383,-30.256372
2.2760506,-35.766792
0.79812044,-77.553894
-32.87105,43.80702
-41.079758,7.3063025
-40.642605,9.013886
-6.92158,-19.595793
-30.427929,9.389469
-19.9763,9.700567
48.434074,1.5605196
-37.783585,33.28616
-12.38755,48.501015
8.039374,53.668125
-25.896582,39.475792
10.420611,22.710588
-48.63096,17.152342
1.971619,-29.243156
3.8156965,43.42441
-49.908367,-3.9559639
49.87953,21.115213
9.256055,-33.832294
-25.056004,53.851982
-31.532394,11.945484
-48.52806,17.857437
-3.1001642,3.9833317
0.99641246,-2.4592268
11.202832,-34.86169
-20.611162,41.34883
-9.42327,-7.4648757
-0.6817998,-33.884686
-49.109528,-9.408152
14.39942,-24.161177
53.123055,20.406706
-35.175243,11.823898
-50.361805,31.136297
-7.188151,52.623512
39.134304,48.40962
21.244524,-22.687542
-14.974186,32.004917
-34.66853,11.134609
16.446165,43.968666
-33.045036,42.630684
-2.936797,42.683983
5.004011,-3.9365895
-15.598528,7.11934
-14.869219,-10.645747
-16.836798,40.709885
-20.030958,41.13876
-33.893497,5.338261
-54.85701,-24.022163
-38.008377,39.864468
22.79401,18.334162
13.141651,19.06778
30.667374,50.274124
-17.58627,40.69387
-18.892591,7.686071
5.213678,29.37871
-53.72059,-27.157032
-21.252409,40.931908
-60.6655,-24.688395
-44.179985,21.127007
-26.937506,29.644472
-36.26053,34.899982
35.77971,46.07004
-1.3743067,-10.93757
-56.746513,-21.70623
34.115078,42.810658
-33.88149,27.824196
-50.918156,-5.741093
-56.070904,10.219267
5.9791875,-39.95592
-9.201457,49.427586
-16.078688,-27.30992
-21.521843,-42.939026
2.9549046,9.1678295
-10.369585,-54.329857
-4.1488204,25.173512
27.968283,52.64359
-56.77051,5.1153746
-30.503428,31.345995
-29.10469,33.410416
-33.473507,-47.435036
-17.145802,45.477398
-1.3144579,-39.7564
-14.615751,-28.6845
-51.75172,14.419631
-16.163162,-19.46764
-52.958702,9.10207
-43.568195,24.48838
-28.428535,53.985706
-51.462883,-25.784933
-19.922884,-11.855928
-6.8619266,-28.0686
5.589223,-38.655563
-45.125645,-19.382114
-5.2964144,1.3370448
-11.904141,42.294163
-24.386566,44.92783
-43.806885,24.988415
-35.598034,4.6087313
-19.243647,-25.485739
-25.375095,53.70491
-28.186178,33.62063
9.704823,-34.924217
-21.663692,-47.230034
-21.113876,15.797095
-51.07439,-20.453264
-23.352434,46.253464
-41.67572,21.407093
-15.082874,-11.642245
8.347532,-42.542522
-11.317014,36.729713
-41.125767,18.416653
-1.8632212,-49.191147
-4.3244247,2.8182092
29.285357,48.93986
-16.880043,-31.90944
-5.0999236,41.08893
-39.758236,11.633155
-47.90228,-35.738968
-18.089413,-13.998258
-56.461765,-26.79171
-45.639076,-20.97413
-29.766409,-44.12407
-0.8384954,52.737694
0.67926997,53.253166
41.325787,42.35445
7.5860806,-43.941437
-10.803225,36.45422
-26.066967,45.43271
-30.474165,32.71821
-2.268574,-1.1334145
-43.07599,23.914068
-44.879444,23.627699
-41.804703,10.560371
-17.644293,45.152084
5.8343635,29.745268
35.606533,-8.500977
16.253286,14.579298
-51.137363,-27.074692
-36.851513,34.355915
-32.10606,43.243565
-50.834747,11.284868
-10.362237,49.220947
-2.366546,56.190536
30.080849,48.45489
-11.038388,36.684597
-12.500937,49.70432
16.759655,12.522568
-9.762676,-47.945564
-49.424484,-3.1667857
-25.835648,41.41791
2.587307,55.611584
-18.765156,-47.07821
-39.953457,37.619316
-5.029058,-50.84941
-59.828445,-24.83438
-9.976743,-27.589148
-29.073679,34.672337
-6.628815,-19.955309
-45.09938,26.377443
-36.706127,2.7098362
-32.7175,-48.98574
-47.178364,-27.28185
-36.02944,-49.601715
-5.28141,-80.04789
-50.014164,-20.021307
-41.292957,39.10552
-2.2373457,-75.18134
-43.508274,-41.977974
-37.907326,-3.3240416
-20.414154,-39.38175
-47.45902,-38.39908
-47.85756,26.64416
-35.63923,10.16073
-27.44387,30.717909
8.486735,-37.23361
-50.75931,11.91116
53.743618,20.010283
28.862429,33.774784
-44.33851,26.66846
3.2056415,43.433342
-17.580957,-14.755761
3.3837605,53.73272
-35.26809,39.631226
-15.56979,-11.694323
-36.702843,17.129087
-51.946404,-20.851019
-44.651875,38.616615
19.780077,43.338165
7.475804,54.138653
-0.48392656,53.068115
-10.628159,-6.4198637
2.51358,-37.041332
-26.483152,38.939064
-16.498207,-19.51562
-0.01786421,23.3981
14.5426655,24.956673
-20.933678,24.66596
4.490386,56.33225
19.159286,19.267881
5.887952,-27.327755
30.94949,-10.170221
-0.9487323,-38.83089
-0.59298074,51.779476
4.026959,-33.215614
-51.83834,7.3460064
-11.93849,49.06556
20.294062,12.85042
22.366556,20.147177
-42.15525,-19.299309
-27.335386,48.479122
-17.95564,13.635378
-51.146183,-9.51004
-26.286123,3.1882832
-54.07741,8.025796
33.788322,46.231712
-50.587177,-18.157581
-10.344557,48.64304
2.238595,55.52828
-56.959198,-22.272182
-4.9677124,41.818893
-45.18724,21.961037
-19.927692,-11.566304
-35.847324,44.214092
-20.171467,-29.080826
29.701693,48.444824
37.774185,48.44889
-30.850916,-34.807377
-2.8654232,56.19172
-34.31712,-43.54919
7.89027,23.430712
-42.2091,-39.334755
-48.430206,17.827152
-51.61325,-16.170578
-3.386308,-49.046722
-5.1663785,0.6082747
-47.480236,26.308401
-44.139347,-41.98034
-13.286585,33.702168
-43.544216,7.91356
8.046784,22.002956
-45.30285,-12.089867
-14.06484,-27.526093
-38.576244,42.608444
6.8840485,-36.49573
-54.80705,9.971542
-17.99055,45.168427
-21.14323,-9.64152
-45.445946,31.239328
-1.8583763,56.60674
-0.77801126,-47.813816
-50.147636,-10.899297
49.86164,23.281599
-3.089712,-3.0976217
-53.649986,8.173284
-37.342846,-4.306324
-3.8651052,24.951311
-19.45804,-25.41282
-3.8035538,50.00409
-9.425599,-23.08849
35.40742,54.71192
-59.197533,-10.001613
-30.905632,-44.436104
-16.688953,-32.241398
-32.014168,11.905208
8.296839,-42.682365
-34.29611,-43.779045
-41.177803,10.296356
-14.991415,31.849688
-15.345975,-17.509985
-58.942303,-12.132319
-37.86945,-46.409096
-0.12617072,-78.16778
-13.664869,-28.419453
-51.812794,-26.822584
-10.846526,-54.164665
-37.87423,-46.669765
-36.75472,3.2299266
-45.043556,34.26311
-2.528169,-75.47634
-20.354551,-35.7342
-48.6474,-35.85828
-44.149605,-42.351955
-44.542618,7.46283
-41.98782,10.636373
-11.084396,-15.143615
-24.78889,49.326504
-2.8598092,56.409737
-20.941704,-40.639248
-5.409708,-4.658022
-49.249252,-31.816422
-46.12384,29.624657
1.8246033,-43.199757
-35.6292,4.9898424
-24.388437,-47.06007
-12.267255,48.737648
3.9861157,55.93526
-57.786526,-10.28605
18.5653,18.079994
12.625228,21.754826
-51.250233,-4.0712347
25.221544,48.177273
-2.2426484,-2.4111876
-10.417387,50.645126
-32.811844,53.57582
-19.073795,-45.870903
-17.168962,30.495827
2.0849226,-36.286106
-11.731952,35.567513
1.9199924,19.845509
-50.347424,8.978068
-48.022923,35.69079
6.2927256,46.244194
-19.512966,-29.411325
-29.521202,48.385754
-38.578423,33.439354
-14.816397,-7.5877476
-47.090477,-20.964975
11.109334,20.575031
-14.434459,-8.745591
-61.75289,-7.809948
-55.219593,-25.795904
-8.182537,-2.3669238
-51.06235,-11.540139
-40.53587,22.5116
-24.743507,48.999016
-23.199392,-12.352693
-0.9092256,23.659986
8.317857,20.680943
8.684502,22.729248
2.646266,-37.35572
-6.0646725,-3.7047482
0.94190776,-41.119823
-10.443298,-28.936033
-39.18582,34.860126
-10.218119,-4.3367596
-34.81918,34.373703
0.6504111,-35.869766
0.1722161,-40.24595
-13.644068,-8.586038
-29.840126,43.156837
-20.824806,-27.741718
-30.533379,5.8494716
9.852594,-34.733868
-52.53775,13.371462
-40.64146,25.07236
-20.187592,-34.583805
-52.309853,-28.18757
-19.993605,-52.531094
-10.870766,49.4567
-27.418713,-38.4001
-10.071247,8.577463
-43.67413,-24.185577
-29.800777,45.50551
-41.691917,-40.991497
-29.70001,42.920727
-46.458027,-28.227005
-32.828163,53.4418
-24.738295,44.009228
-19.608465,-46.53075
21.433891,-22.448755
-34.38559,12.315087
20.225506,35.158043
-0.4871351,-81.53862
-49.0679,-0.13656898
-57.362995,-10.960554
0.5974417,-2.8022952
2.2166774,-28.799164
-5.502574,-48.622406
-12.530265,34.570026
-34.83478,1.7165745
-35.97553,-45.234337
-12.571398,-52.85406
-19.892359,-25.869175
35.242916,48.13351
-5.4444075,0.5979239
0.0426512,-40.349907
-3.670581,-76.25393
-40.348595,36.339725
-22.085686,-34.959568
-2.3887599,-78.76462
-21.089304,-40.604305
-24.836863,-45.225433
13.260872,24.83478
-33.328346,-2.073713
-43.607327,33.071106
24.026838,15.402719
-41.457516,30.020414
2.1206923,55.648273
11.891915,18.815413
1.5937396,-34.54966
-2.2225401,50.725933
-58.235588,-10.977959
24.397705,36.960796
-6.957381,50.13274
-0.4570255,55.871525
-10.588201,40.800285
-47.6302,36.451828
0.16368562,-43.61617
-10.786735,-5.2980227
-41.58476,38.44599
32.790886,46.0675
-30.849915,32.35714
-11.518348,48.432056
-30.530602,32.098354
-10.863393,-3.8972514
-47.55979,-17.818792
-16.600372,-10.696673
-27.14524,48.684956
-17.088924,13.543205
-2.9082928,3.971531
-10.173271,42.28739
-49.206818,-4.0270395
-51.307392,-16.902266
-30.76242,1.8375169
-41.32983,21.72643
-43.375042,38.45283
-41.42426,-20.365067
-29.544998,43.708065
-31.590097,32.51599
-27.252415,52.315163
-7.75423,-7.0485263
-45.674038,30.811363
1.2365249,-37.19163
-10.098837,-22.915194
-41.323215,-21.116055
-43.883152,19.782429
-10.614853,-17.402084
-17.390312,-32.054314
-53.942863,5.735615
-2.5766668,-79.24097
-45.377525,34.062122
-55.62045,10.22169
-10.89131,-15.282747
14.515837,54.614162
-46.06328,29.871109
-16.553656,-34.066452
-9.884763,-22.963728
-12.595313,-52.6729
-11.045469,-14.558229
-46.701756,15.357102
-12.336019,-17.014524
-48.952732,17.396868
-4.1310835,-46.076084
-19.513016,-9.469193
-10.3169985,-25.254206
-19.908659,-29.369703
2.8989065,-27.593319
2.430983,-37.849754
-33.691624,5.213983
-56.188168,5.585482
-47.175426,-20.657406
-2.4829974,-75.14944
-49.21577,33.41817
-33.092533,-45.24682
-21.131725,-26.669647
-50.023308,-30.962502
-34.247295,0.40242755
-40.614704,8.478324
-16.560827,-12.969589
-4.929202,-5.095653
-9.232173,-28.87482
-44.694553,9.239964
-51.687054,-26.513071
-44.63597,17.449642
-7.6126237,-19.736961
-30.745436,-45.576645
-24.700611,-47.082386
-49.631264,-31.064796
-49.3286,-30.994764
-33.76857,23.6985
4.14665,-36.62349
-40.542892,5.820599
-34.504757,33.890945
-12.360093,-4.7578645
-16.979746,-7.470754
-10.316057,-20.305004
32.334904,54.425705
-12.53169,-4.7142935
-4.3037295,-47.84799
-61.82594,-7.2859735
-14.51216,-7.9949827
0.2110798,54.050556
15.743485,19.032812
-4.1570272,26.68329
-41.11721,31.666304
-51.280014,-3.731626
12.624469,-28.919762
32.578075,52.26148
-19.332458,-17.413689
-54.725925,-1.0932922
3.47176,-34.590595
-14.83507,46.80336
-47.1438,32.942574
4.953965,-8.571325
0.012332843,-82.26382
-55.74634,-26.860079
-46.244198,-21.446943
-39.95464,36.370453
-50.126274,15.398917
-52.970165,-26.978447
-9.217831,-4.649406
-51.58113,9.231526
5.176648,41.672382
-25.657145,31.697739
-48.707222,-5.189674
-2.2166433,-48.1286
-28.463987,45.53138
-8.218794,-19.88964
-7.083697,52.193317
-10.4577465,51.208057
-28.242004,43.63327
-7.9152436,-19.30724
-19.6854,-17.164412
-32.305058,-36.57674
-13.896173,-10.355441
-20.436665,-51.73141
-3.0996037,2.5436752
-26.314455,48.190426
-2.3477807,-77.58974
-7.9324584,48.804432
4.9321365,-29.302652
-20.744116,-52.159317
-23.726051,40.515976
-40.484375,30.676746
0.50015193,55.654648
-42.024445,31.62861
-48.487198,35.063236
-47.021233,15.304189
-47.765816,-35.980778
-24.450993,47.796272
6.6632867,-40.30311
-24.175964,46.882164
23.00816,17.69958
-42.996193,31.045467
-27.04045,54.92721
-8.982953,-11.943429
-17.214712,44.991573
-49.12699,-9.296065
-48.012257,16.286158
-43.592743,26.768938
-7.4899383,-6.714512
-35.26351,-47.301643
-41.772373,21.25558
-20.84003,-26.858196
-30.925768,-34.89484
-18.158802,-24.670712
-40.14451,38.92936
0.8907375,-44.80702
-54.659145,9.610498
-41.47677,-40.418568
-32.53136,12.731277
-21.552795,26.068003
-2.532599,40.891567
-46.129883,29.264166
-33.852367,10.869195
-32.54555,53.031322
-50.32101,-10.937934
8.938128,-41.72546
-13.769279,-9.447091
-50.761013,30.561686
-8.903221,-19.400051
-18.394648,39.953888
-37.89591,-47.94754
-29.66722,-41.037918
-43.382072,-41.677204
-3.205104,-36.68912
20.216866,14.334135
-2.6743197,23.959488
-14.716126,33.07868
-35.82784,4.183743
-37.31935,-4.22807
-37.373272,-3.9366891
5.2321005,-47.875973
-0.676633,-81.82287
-42.802788,19.139719
10.142076,22.89254
-2.597065,-76.52655
-28.029112,54.092503
2.7876751,-40.291855
14.933856,54.421055
-7.677092,-6.8950286
-20.251944,-16.792126
-4.3015823,-80.05086
-42.888763,-42.58946
-37.462074,5.4930964
-34.527435,-50.04396
-37.663105,-45.98499
-26.97141,-38.123585
0.5753923,55.403778
-51.497253,9.005161
-29.875925,45.056328
-56.086006,5.1023
-8.436631,-19.890844
-37.631245,4.697425
-43.43174,30.910782
-11.601084,48.356792
-30.156933,-44.04326
-31.554943,11.812506
22.93853,17.675976
-31.331587,31.496094
-2.1712313,-75.11715
-42.44425,6.3355274
2.6265001,-30.136066
2.403869,-30.453505
-43.68958,27.122509
-18.059256,-14.481517
-12.676996,37.923794
49.7804,20.742205
-44.61061,9.473057
44.447773,24.3283
-1.0969727,-33.534496
-21.957159,25.292162
0.01891648,-80.53965
-45.37697,27.063574
-1.6177727,-75.072655
-46.71701,-30.500511
-1.3676684,-78.3281
-1.4074553,-48.334896
-25.64305,-46.264442
-13.1381445,47.86068
-28.865368,-45.341805
-53.863945,-27.481977
-51.637108,13.668137
-46.930576,26.538681
-24.704777,-47.147427
-35.894806,-49.522827
-49.217213,13.153079
-0.67975104,-39.129364
-45.0926,26.71337
-14.364074,-45.937344
-35.83462,9.017116
-9.4064865,-18.748259
-20.936302,24.86332
10.947513,19.51123
-36.68829,-46.304558
-29.696981,-40.099373
15.89024,19.377481
-2.2150753,-47.39829
31.696487,49.162
-50.482113,14.444918
25.261312,17.880577
-23.049757,-51.121555
-2.8326213,41.034
-13.171192,9.482821
49.885902,22.469997
-50.7536,15.454202
12.7456455,24.07022
-26.13644,-29.620005
-36.68258,33.51574
-12.723103,34.17202
-54.707966,5.623452
-17.017603,30.63428
7.8895655,25.319275
-27.212866,42.169117
-52.320976,-30.735014
-21.326738,40.028698
-55.24184,5.204296
-32.652603,27.641233
-45.157524,18.883307
2.2729423,-27.121716
-50.430424,-11.267532
-2.4560034,-35.388035
-43.31565,25.519472
-0.8568747,-37.80806
-8.228921,-5.255869
10.60441,-37.688416
-19.462849,-9.91644
-9.884353,-6.046016
-20.051323,-11.808443
3.1605422,-39.45529
-37.1696,43.870426
-56.847115,5.398509
-0.60117686,-43.962303
-44.969433,35.013374
-49.689545,16.735233
-33.33035,11.057009
-32.0338,12.786053
-11.782096,51.225124
34.035637,50.34945
-42.77112,10.239639
10.377044,-30.340786
-15.77191,-7.3177824
-45.987873,30.307121
22.02895,-17.498896
-2.0006804,0.64606065
-17.31623,-12.356507
4.0250053,12.465462
-40.447147,1.4806424
-24.50332,49.089535
-18.797386,45.185696
-49.77376,-20.072123
-33.551575,-49.626175
-25.682407,-46.796513
-36.66078,43.966522
-33.516117,12.519785
-43.358696,-23.800488
35.886612,54.648205
-11.5506525,-18.163832
-16.95556,-19.112064
-0.20454082,-45.15786
-45.369064,-19.492136
10.463288,-37.36589
-5.1829743,-50.599545
-31.323322,-41.44448
-56.93983,11.059307
-37.532887,-3.8715806
-49.08249,33.501186
-1.002928,-77.65747
-36.84149,-45.690044
-2.1848693,-37.501705
-21.914291,26.808239
-1.5405941,-33.95968
-58.326492,12.878181
-38.13295,-4.3180747
-11.54985,-27.823723
-37.04283,-45.22346
-35.536892,5.1858573
-5.9599504,-49.308964
0.967152,-47.131393
-22.202307,-46.999424
-20.971498,-34.203136
-53.747574,-27.431417
-2.8703623,-36.480312
-37.24117,3.934163
-21.25927,-35.41823
-45.813828,-40.94025
-21.265478,-37.27977
-10.685842,-22.62243
-14.3510895,-29.069866
-33.389893,9.323743
-48.065987,-37.481915
-35.16429,-45.194168
-23.100359,-51.097282
-44.788574,23.454744
-42.339626,6.216632
-37.18464,-3.5050478
-19.632486,-34.752007
-34.159355,9.329874
-27.353682,49.118793
-48.841187,-6.6517982
-24.32943,48.095467
-14.609503,-45.99436
-28.59256,31.277605
-48.11779,16.438585
-0.035161734,-34.535995
-21.174198,-9.536518
-7.962916,-23.127829
32.981934,-8.314628
-16.493921,-14.011881
-18.534185,45.159412
1.1565754,-80.37907
-52.73197,-26.867895
-54.007484,8.399544
-17.852852,-18.44041
-12.062802,-47.405483
-17.605295,-14.425492
-20.35226,-39.415085
-36.533756,-48.865364
2.8818002,48.53862
0.24812712,-40.942326
-14.430787,33.130035
-44.515144,38.199074
-2.572024,-79.643456
-2.4886587,-38.805496
9.744488,-35.756733
-44.89765,35.68083
0.23308998,-79.67245
-23.554745,-50.99838
-50.739433,12.534366
-33.69859,10.439839
-27.770168,-13.433283
0.0015220077,23.427528
-24.524834,-11.335745
-16.973288,-14.177666
-39.21477,35.039528
-2.0003734,-38.587498
-50.191025,12.253327
-49.354023,-9.299289
-27.90239,48.989727
-37.71808,3.8652387
-19.516773,-48.47469
-36.93104,2.8017004
-28.43583,-47.32316
-42.013348,38.116985
35.09615,48.03456
-19.830875,-24.883612
-44.3098,26.44799
7.2943263,-35.31209
-19.957664,-28.00096
-25.587965,38.34775
-3.0783184,-75.89536
-0.4923593,-78.404366
-40.136044,0.056398384
-53.256435,-27.026608
-7.312923,-13.190178
1.6090958,-81.36148
-17.37607,-27.955942
-57.59553,-27.073858
-51.158905,-27.222548
-29.88497,44.784035
32.81912,-8.460524
40.826927,49.427933
-50.690067,32.46506
13.086214,-29.492254
-2.0555012,-78.02022
0.0631464,-48.069042
-32.80487,-48.827747
-45.859154,-22.407696
-2.176109,-81.25362
20.871147,-21.078802
-19.765318,-51.920765
-43.52944,36.800457
-50.068897,-19.633581
-4.098166,-47.3977
-9.266574,50.815796
-43.105343,-24.111794
-44.051292,7.481232
-62.049213,-7.838808
-20.150055,-25.193085
-48.316395,-3.8297486
-13.760768,-6.996592
-43.412815,37.105362
1.0709839,-2.4221013
-15.485851,-8.614928
-29.96815,48.77017
-0.3397908,-35.31155
-36.436623,7.8133154
-45.56139,32.697613
-5.1957726,-49.248596
-18.010513,-48.785652
-4.500174,-1.3634573
-44.14519,32.385094
-20.89155,-36.012447
-28.857964,-46.98302
-11.520694,-47.790768
-15.115393,-14.502598
-17.430307,-20.840405
-37.044003,43.970356
40.21833,47.78559
-16.015633,-11.799088
-47.88306,-29.011868
-21.218493,-36.41219
-54.603252,8.074225
-29.984497,-40.177074
6.926676,-27.845419
-17.807587,13.495324
-34.394844,-44.243423
-19.397459,-34.605507
-54.660652,-27.055712
-13.704286,-9.265229
-14.705771,-9.496365
-51.21285,-28.918375
-1.7769005,-12.324377
-1.305519,-81.562065
-14.774561,-5.963272
-41.557735,-40.397087
-32.09875,-45.658695
1.2098794,-44.076904
-2.4244168,-75.29844
-13.802379,-53.237457
20.901169,-21.117699
-0.48729542,-81.538185
21.228218,-21.61511
-11.699603,-54.06945
-45.30541,-42.46634
-45.289272,6.6045046
-29.045887,-45.53569
-10.153874,-4.263933
-35.52885,-49.24353
-55.426003,11.63671
-6.921919,-19.57042
-2.176104,-81.25365
-52.795025,14.132622
-2.482828,-35.78438
-32.76192,9.249992
16.135939,40.492783
-25.165817,-47.59858
-33.107773,29.731913
-19.804174,-8.955302
31.77548,-8.421925
-0.326243,-39.37015
18.004704,18.893103
-15.844354,-10.372506
-3.1469474,-80.682526
-44.849937,36.835213
-34.779503,-44.354244
-19.023436,-51.96476
-49.06222,31.193495
32.81431,-14.700912
-43.5961,4.836776
-45.235954,26.259378
0.5682217,-80.075714
-10.039031,-46.58239
-43.836613,38.427357
38.52306,49.027153
-16.79476,-15.196486
-50.200405,-16.581242
-39.907322,37.038727
-51.80962,8.955368
-20.546013,-39.438553
-46.771156,32.989162
-51.2337,-25.147247
-15.763194,-11.321086
-47.769993,-28.479084
18.198092,19.2284
-22.80674,-10.460528
-27.93842,48.582085
-19.643406,-8.534895
-25.40653,50.408817
-44.767345,19.369429
-41.87149,22.281279
0.21623218,-47.372856
-36.35819,8.171123
-2.533808,-78.94088
-58.33461,12.70382
-36.431988,8.155352
-20.867605,-35.05109
-27.482893,54.60201
-13.947252,-7.0640483
-48.34611,-5.684282
-35.614273,43.749977
-40.182438,-42.139088
-10.002002,-28.495922
-37.038754,-47.132317
1.1151233,-30.173634
-56.77583,10.213736
6.2068615,-45.65085
-1.1815449,-82.065475
-2.3282032,-75.37391
10.49311,-37.32646
-53.434868,-15.677557
-35.26296,2.5304084
-17.899986,-18.53661
-13.054318,42.072792
-51.985374,15.4033375
-2.156889,-77.75493
6.1606293,-37.875397
-8.83364,-47.09917
-9.487575,-46.62342
-47.22029,-27.575808
-0.7247465,-75.05817
11.985308,17.555367
-3.7724483,-50.92096
-48.920773,36.587456
-21.294373,-41.49308
-39.947117,30.115946
-34.97386,-47.40003
-15.501054,-28.733011
-23.469927,-12.356254
-51.782814,-20.892736
-2.5956092,-48.649014
-15.351342,-10.789443
1.3214025,7.7207484
-53.32666,-26.898716
-10.216432,-47.763386
-0.75725365,-78.054474
-21.873764,28.868906
-40.872387,9.259466
-44.287247,-21.505783
-2.3790421,-78.111694
-30.045738,-40.438038
13.250138,-29.383718
-0.47171837,-81.826485
30.673252,49.15309
-25.257309,53.805233
-37.291092,33.866173
-2.9020796,-78.59201
-47.196632,33.13589
-13.928014,-46.10437
-57.482265,-26.891802
-49.022125,33.55757
14.945069,13.090225
-41.66622,31.584976
11.577844,19.797495
-59.039066,6.3051243
0.41354212,-80.181564
-44.905716,23.033796
-9.180145,-11.777983
1.8205814,-0.4336306
-28.402822,53.683094
-2.5240242,-38.615
-50.626247,-29.18394
-9.562576,-48.03107
-51.475433,-22.838665
-3.516674,-49.01279
-0.21633191,-81.63512
-25.324812,-12.01431
-1.7040244,-47.68542
5.9106793,10.62543
-5.259823,-4.599026
-21.92559,-44.85278
-0.9482701,-48.232914
-2.7894788,-78.60257
6.8808393,-45.25944
-1.0797594,-81.605606
-44.23935,38.256084
-45.029137,36.24618
-45.064373,6.636298
1.0121411,-81.490074
-2.3897364,-78.76418
-36.808968,33.740467
-50.473038,-18.7536
-37.097424,-4.9339576
-57.635338,6.946302
-41.36853,37.56983
-20.821348,-33.794888
-15.097015,-28.560148
-20.15502,-25.211338
-1.5587708,-78.8645
-27.24159,-12.957639
1.6868979,-79.92478
-23.582138,-12.134991
5.677236,-46.84711
-44.731136,36.397346
-0.21632814,-81.63512
-1.3902076,-46.005806
-0.12556271,-78.227455
-41.979233,30.040585
-42.858402,7.0774083
-35.787785,43.822094
-9.150868,42.5223
1.7343175,-80.74103
-17.320736,45.313637
-59.947765,-10.64456
-41.00531,38.044907
-44.643116,4.929482
1.1386589,-36.909477
-48.35178,-24.305454
0.6685364,-44.153545
-2.1761327,-81.253716
-15.935984,-16.40868
-15.381833,-7.1318736
-19.265484,-30.65114
-49.20725,36.429325
-20.799082,-36.48447
-26.67025,45.366848
-40.188374,0.4399185
-18.922016,-14.854045
-39.5806,36.089577
-20.281456,-24.480036
-26.550156,-46.380787
-43.424095,-41.64242
-32.013958,27.622057
-22.853542,-44.460396
-11.358437,-54.08085
-56.032402,-26.118721
5.285606,-47.7757
-16.478481,-12.946433
-36.39443,3.509462
7.9177184,-38.079536
-20.536528,-24.405636
-41.524284,14.721183
-48.466827,-4.9480333
-52.537052,-26.440868
-27.44713,53.266785
-27.502966,-12.822718
-18.773256,-34.475327
-19.102089,13.332364
-43.491894,5.051214
-17.398243,-13.729753
-13.99762,-10.461301
0.2183361,-44.733047
-15.901022,-10.075735
-34.773975,-48.920696
-36.025425,-46.974957
-24.566261,50.61595
-44.53001,-41.675083
-19.039011,-14.943385
1.2665666,-79.16489
-21.509495,26.272903
0.0683649,-78.54128
-52.516106,15.033286
-38.681652,38.279232
-58.38949,12.291327
-19.692642,-17.330645
-13.724316,-10.217246
-4.3856244,-51.173397
-19.307774,-23.576715
8.476145,-44.64317
-0.1543964,-79.09543
-42.841434,7.5888357
2.9422662,-27.575483
-20.955023,-46.57726
-17.254799,-15.528833
1.9825038,-81.29684
-18.667755,-27.041203
-24.124409,-44.69478
-50.06874,15.870073
3.2166262,-29.973845
0.46024555,-43.586452
-44.046463,-43.142704
-24.952604,48.57063
-0.5601775,-48.128895
0.86570966,-78.926956
9.653199,-37.28581
-40.02956,35.682346
-23.643133,-11.382511
-49.250088,34.440823
-37.490894,5.5299096
-1.9976695,1.0554668
-9.470093,-22.13047
-15.387817,-14.784767
